{"wasBornOnDate": {"mae": 75.04401075268817, "mse": 47883.44945535928, "rmse": 218.8228723313888, "r2": -18.493949079285585, "num": 837}, "wasCreatedOnDate": {"mae": 428.285339170507, "mse": 716555.626595837, "rmse": 846.4960877616842, "r2": -28.36540272310937, "num": 651}, "wasDestroyedOnDate": {"mae": 101.6462396551724, "mse": 121380.58450219744, "rmse": 348.3971648882887, "r2": -40.333220458232844, "num": 58}, "diedOnDate": {"mae": 86.45204082840236, "mse": 87878.64427623745, "rmse": 296.4433238854224, "r2": -1.9897828864625091, "num": 169}, "happenedOnDate": {"mae": 47.90010833333333, "mse": 7329.625550336942, "rmse": 85.61323233202296, "r2": -0.27053570213264866, "num": 36}, "hasLatitude": {"mae": 123.70702650521395, "mse": 402491.37324044976, "rmse": 634.4220781470722, "r2": -1913.188712182591, "num": 309}, "hasLongitude": {"mae": 75.67893629701436, "mse": 9630.183708625003, "rmse": 98.13349942106927, "r2": -0.888944585784962, "num": 294}}