{"micro": {"mae": 180.25953779160298, "mse": 278637.5105154138, "r2": -266.8085444793603, "rmse": 527.8612606693295}, "macro": {"mae": 134.10195736319022, "mse": 199021.35533272038, "r2": -286.218649659657, "rmse": 446.1180957243501}}