{"wasBornOnDate": {"mae": 23.124978641255208, "mse": 1678.1462968263647, "rmse": 40.96518395938635, "r2": 0.31680572661284323, "num": 837}, "wasCreatedOnDate": {"mae": 67.40665730232593, "mse": 16655.55191837541, "rmse": 129.05639045926944, "r2": 0.3174333275668786, "num": 651}, "wasDestroyedOnDate": {"mae": 36.31727248167482, "mse": 2518.5570504859757, "rmse": 50.185227412914806, "r2": 0.1423663493522811, "num": 58}, "diedOnDate": {"mae": 57.02650905071311, "mse": 23169.036119277665, "rmse": 152.21378426173388, "r2": 0.21174947274443834, "num": 169}, "happenedOnDate": {"mae": 50.88587475745725, "mse": 5139.242813641307, "rmse": 71.68851242452523, "r2": 0.10915074285619364, "num": 36}, "hasLatitude": {"mae": 7.017738969744017, "mse": 116.56199485943607, "rmse": 10.79638804690884, "r2": 0.4456486035139837, "num": 309}, "hasLongitude": {"mae": 22.749535871211737, "mse": 1220.024795269257, "rmse": 34.9288533345894, "r2": 0.7606941569055161, "num": 294}}