{"wasBornOnDate": {"mae": 20.829440878550567, "mse": 1059.500420189062, "rmse": 32.549968052043646, "r2": 0.371924117072694, "num": 826, "model": "LassoCV(alphas=[0.1, 1.0, 10.0])"}, "wasCreatedOnDate": {"mae": 65.11686501115385, "mse": 13417.310597430727, "rmse": 115.83311528846458, "r2": 0.32204482121054745, "num": 693, "model": "LassoCV(alphas=[0.1, 1.0, 10.0])"}, "wasDestroyedOnDate": {"mae": 44.63132113203464, "mse": 7044.376598744244, "rmse": 83.93078457124206, "r2": 0.13154015987820133, "num": 55, "model": "LassoCV(alphas=[0.1, 1.0, 10.0])"}, "diedOnDate": {"mae": 42.75747654540585, "mse": 7193.033649187372, "rmse": 84.81175419237225, "r2": 0.35643844814948145, "num": 163, "model": "LassoCV(alphas=[0.1, 1.0, 10.0])"}, "happenedOnDate": {"mae": 101.7556824552075, "mse": 88627.39625658096, "rmse": 297.7035375278248, "r2": 0.043103339508351546, "num": 41, "model": "LassoCV(alphas=[0.1, 1.0, 10.0])"}, "hasLatitude": {"mae": 7.4829316754069355, "mse": 132.81001939455197, "rmse": 11.524322947338467, "r2": 0.6088365373840248, "num": 279, "model": "LassoCV(alphas=[0.1, 1.0, 10.0])"}, "hasLongitude": {"mae": 19.034084973366646, "mse": 716.828094572173, "rmse": 26.773645522643587, "r2": 0.846290088894672, "num": 296, "model": "LassoCV(alphas=[0.1, 1.0, 10.0])"}}