{"micro": {"mae": 36.39335566657096, "mse": 7174.483368693282, "r2": 0.3743149218080271, "rmse": 84.70232209740936}, "macro": {"mae": 37.789795296340294, "mse": 7213.874426962203, "r2": 0.32912119707887644, "rmse": 84.93453023925076}}