{"wasBornOnDate": {"mae": 21.273004534721064, "mse": 1687.2689695135502, "rmse": 41.076379703103704, "r2": 0.3130917728594327, "num": 837}, "wasCreatedOnDate": {"mae": 69.66177122005249, "mse": 17852.329473742906, "rmse": 133.6126097108462, "r2": 0.26838779142294533, "num": 651}, "wasDestroyedOnDate": {"mae": 37.629963159199484, "mse": 2487.1248800215308, "rmse": 49.871082603263496, "r2": 0.15306981429781485, "num": 58}, "diedOnDate": {"mae": 57.610976985961614, "mse": 25567.209106399205, "rmse": 159.89749562266198, "r2": 0.13015949585387043, "num": 169}, "happenedOnDate": {"mae": 42.687930781270786, "mse": 3252.6299077063195, "rmse": 57.03183240705422, "r2": 0.43618096242647386, "num": 36}, "hasLatitude": {"mae": 7.613910312210807, "mse": 129.9372829968657, "rmse": 11.399003596668688, "r2": 0.38203773561207155, "num": 309}, "hasLongitude": {"mae": 26.97573612122432, "mse": 1553.0829024701181, "rmse": 39.40917282143991, "r2": 0.6953653607595618, "num": 294}}