{"wasBornOnDate": {"mae": 19.79531672898475, "mse": 1060.7096892039388, "rmse": 32.5685383338574, "r2": 0.37120725779662145, "num": 826, "model": "LassoCV(alphas=[0.1, 1.0, 10.0])"}, "wasCreatedOnDate": {"mae": 70.58580212459037, "mse": 14559.342053473307, "rmse": 120.66209866181389, "r2": 0.2643398039239395, "num": 693, "model": "LassoCV(alphas=[0.1, 1.0, 10.0])"}, "wasDestroyedOnDate": {"mae": 41.972025868966405, "mse": 6473.876792058553, "rmse": 80.46040511990077, "r2": 0.20187373219063187, "num": 55, "model": "LassoCV(alphas=[0.1, 1.0, 10.0])"}, "diedOnDate": {"mae": 50.11860069104713, "mse": 8459.55686330695, "rmse": 91.97584934811394, "r2": 0.24312246981736485, "num": 163, "model": "LassoCV(alphas=[0.1, 1.0, 10.0])"}, "happenedOnDate": {"mae": 96.69099173491098, "mse": 84869.52432056703, "rmse": 291.3237448622529, "r2": 0.08367651730674597, "num": 41, "model": "LassoCV(alphas=[0.1, 1.0, 10.0])"}, "hasLatitude": {"mae": 8.655768245268987, "mse": 175.45447000871448, "rmse": 13.245922769241654, "r2": 0.4832364430565328, "num": 279, "model": "LassoCV(alphas=[0.1, 1.0, 10.0])"}, "hasLongitude": {"mae": 25.90700534107374, "mse": 1308.144235015188, "rmse": 36.168276638722894, "r2": 0.7194937871441269, "num": 296, "model": "LassoCV(alphas=[0.1, 1.0, 10.0])"}}