{"micro": {"mae": 36.913526358502814, "mse": 7694.593826406908, "r2": 0.34232916786026096, "rmse": 87.71883393209755}, "macro": {"mae": 37.63618473066293, "mse": 7504.226074692927, "r2": 0.33975613331888155, "rmse": 86.62693619592538}}