{"wasBornOnDate": {"mae": 18.78971194505432, "mse": 1326.991708973328, "rmse": 36.4278973998408, "r2": 0.45976513602102353, "num": 837, "model": "bert-desc"}, "wasCreatedOnDate": {"mae": 51.599209831029185, "mse": 20276.506195837053, "rmse": 142.3955975296886, "r2": 0.1690418047694433, "num": 651, "model": "mlm"}, "wasDestroyedOnDate": {"mae": 19.39756034482758, "mse": 1168.4679746112067, "rmse": 34.182860831288046, "r2": 0.6021065099409248, "num": 58, "model": "mlm"}, "diedOnDate": {"mae": 36.14743474723437, "mse": 9805.538161356983, "rmse": 99.0229173543023, "r2": 0.6663986975581122, "num": 169, "model": "graph"}, "happenedOnDate": {"mae": 14.561880555555554, "mse": 745.8154725591659, "rmse": 27.309622343766783, "r2": 0.8707184727812197, "num": 36, "model": "mlm"}, "hasLatitude": {"mae": 1.9651803518591462, "mse": 21.086437111541933, "rmse": 4.591997072248842, "r2": 0.8997160620509786, "num": 309, "model": "graph"}, "hasLongitude": {"mae": 5.914758083005717, "mse": 302.0751378631542, "rmse": 17.380308911614726, "r2": 0.9407484619783726, "num": 294, "model": "graph"}}