{"micro": {"mae": 25.243184696440625, "mse": 6863.967647539822, "r2": 0.5218145145428703, "rmse": 82.8490654596648}, "macro": {"mae": 21.19653369408084, "mse": 4806.640155473205, "r2": 0.6583564493000108, "rmse": 69.32993693544806}}