{"wasBornOnDate": {"mae": 15.926540555239306, "mse": 997.7811519791542, "rmse": 31.587674051426358, "r2": 0.5937908569622576, "num": 837}, "wasCreatedOnDate": {"mae": 55.82267828681181, "mse": 16106.175717631639, "rmse": 126.91010880789457, "r2": 0.3399474950404836, "num": 651}, "wasDestroyedOnDate": {"mae": 28.46099958182838, "mse": 1611.762712264691, "rmse": 40.146764655009136, "r2": 0.4511532154371053, "num": 58}, "diedOnDate": {"mae": 36.28734281749318, "mse": 10918.594402236815, "rmse": 104.49207817933767, "r2": 0.6285306065325813, "num": 169}, "happenedOnDate": {"mae": 31.208153889861162, "mse": 1704.8775939176653, "rmse": 41.29016340386249, "r2": 0.7044722358649241, "num": 36}, "hasLatitude": {"mae": 3.4815646877026074, "mse": 41.65847543332623, "rmse": 6.45433772228617, "r2": 0.8018785277328899, "num": 309}, "hasLongitude": {"mae": 27.840467885088902, "mse": 1321.2841606382126, "rmse": 36.34947263218839, "r2": 0.7408323000852354, "num": 294}}