{"micro": {"mae": 28.818509561641218, "mse": 5829.096649614143, "r2": 0.5699420082131614, "rmse": 76.34852093926996}, "macro": {"mae": 28.432535386289338, "mse": 4671.733459157358, "r2": 0.6086578910936395, "rmse": 68.35008016935575}}