{"wasBornOnDate": {"mae": 16.02858642435361, "mse": 1156.2711524501003, "rmse": 34.00398730222825, "r2": 0.5292676023952086, "num": 837}, "wasCreatedOnDate": {"mae": 53.141111246275926, "mse": 16225.33745986348, "rmse": 127.37871666751663, "r2": 0.33506408833771395, "num": 651}, "wasDestroyedOnDate": {"mae": 27.466922743337655, "mse": 1596.5538896848213, "rmse": 39.95690040136774, "r2": 0.45633221189013784, "num": 58}, "diedOnDate": {"mae": 38.9611522417473, "mse": 18758.401834444296, "rmse": 136.96131510190858, "r2": 0.3618068503001065, "num": 169}, "happenedOnDate": {"mae": 25.993950691763864, "mse": 1160.0938563154486, "rmse": 34.0601505621371, "r2": 0.7989064172308551, "num": 36}, "hasLatitude": {"mae": 2.9119645298380283, "mse": 43.15073037241027, "rmse": 6.5689215532239595, "r2": 0.7947815866553802, "num": 309}, "hasLongitude": {"mae": 12.55070477975278, "mse": 611.457256477563, "rmse": 24.727661767291362, "r2": 0.8800636717835644, "num": 294}}