{"micro": {"mae": 26.216564560896032, "mse": 6384.0820155104075, "r2": 0.5445298179711888, "rmse": 79.90045065899446}, "macro": {"mae": 25.293484665295598, "mse": 5650.180882801161, "r2": 0.5937460612275666, "rmse": 75.16768509672997}}