{"wasBornOnDate": {"mae": 351.40838303464756, "mse": 633483.1377643199, "rmse": 795.9165394463919, "r2": -256.8988809416602, "num": 837}, "wasCreatedOnDate": {"mae": 1832.5536537634405, "mse": 3507394.848660661, "rmse": 1872.8040070067825, "r2": -142.73770635112604, "num": 651}, "wasDestroyedOnDate": {"mae": 1586.8169051724137, "mse": 3046637.898826336, "rmse": 1745.462087478939, "r2": -1036.4588031936566, "num": 58}, "diedOnDate": {"mae": 1708.8783544378696, "mse": 3352867.2317815633, "rmse": 1831.0836222798682, "r2": -113.07031995908984, "num": 169}, "happenedOnDate": {"mae": 663.6468138888889, "mse": 1231901.2419336704, "rmse": 1109.9104657285066, "r2": -212.5408553451038, "num": 36}, "hasLatitude": {"mae": 32.58376422545847, "mse": 1854.8726676399676, "rmse": 43.068232696965495, "r2": -7.821496705250649, "num": 309}, "hasLongitude": {"mae": 97.23859611364323, "mse": 31134.54841860157, "rmse": 176.44984675142558, "r2": -5.106990110012583, "num": 294}}