{"micro": {"mae": 820.0955324142216, "mse": 1533965.229689388, "r2": -169.3882214136622, "rmse": 1238.5334996234005}, "macro": {"mae": 896.160924376623, "mse": 1686467.6828646846, "r2": -253.51929322941422, "rmse": 1298.6407058400275}}