{"wasBornOnDate": {"mae": 19.601473835125443, "mse": 2045.9550649172274, "rmse": 45.232234799059256, "r2": 0.16706619285676916, "num": 837}, "wasCreatedOnDate": {"mae": 51.232734869431646, "mse": 20905.387855437664, "rmse": 144.58695603489846, "r2": 0.1432693978356191, "num": 651}, "wasDestroyedOnDate": {"mae": 19.39777413793103, "mse": 1396.1193918525857, "rmse": 37.36468107521575, "r2": 0.5245853293084759, "num": 58}, "diedOnDate": {"mae": 38.19960177514792, "mse": 13971.153445468226, "rmse": 118.19963386351172, "r2": 0.5246772885560149, "num": 169}, "happenedOnDate": {"mae": 26.132069444444443, "mse": 4412.74631700361, "rmse": 66.42850530460255, "r2": 0.23508347026681198, "num": 36}, "hasLatitude": {"mae": 3.331509884573894, "mse": 91.35194265039539, "rmse": 9.557821020002173, "r2": 0.5655438375001558, "num": 309}, "hasLongitude": {"mae": 100.35775262354498, "mse": 18134.38110291306, "rmse": 134.66395621291193, "r2": -2.5570288207720657, "num": 294}}