{"micro": {"mae": 37.72944686731332, "mse": 9890.639932958693, "r2": -0.0919079143211011, "rmse": 99.451696481049}, "macro": {"mae": 36.893273795742765, "mse": 8708.156445748968, "r2": -0.05668618634974555, "rmse": 93.31750342646853}}