{"micro": {"mae": 21.585805357551177, "mse": 2846.779463985559, "r2": 0.6664996874045365, "rmse": 53.355219650804166}, "macro": {"mae": 32.79854479809275, "mse": 6209.798732737752, "r2": 0.5893973563499384, "rmse": 78.80227619008065}}