{"micro": {"mae": 30.293919916113524, "mse": 6136.272869300458, "r2": 0.22352054625035986, "rmse": 78.33436582560977}, "macro": {"mae": 41.828593973065466, "mse": 11527.860371283583, "r2": 0.19974100279506624, "rmse": 107.36787401864481}}