{"wasBornOnDate": {"mae": 25.732012296751478, "mse": 1692.0158568241425, "rmse": 41.134120348247905, "r2": -0.003033441942561943, "num": 826, "model": "LassoCV(alphas=[0.1, 1.0, 10.0])"}, "wasCreatedOnDate": {"mae": 86.82437611642743, "mse": 19815.953303440518, "rmse": 140.769148976047, "r2": -0.0012683292350699205, "num": 693, "model": "LassoCV(alphas=[0.1, 1.0, 10.0])"}, "wasDestroyedOnDate": {"mae": 51.39554084405553, "mse": 8041.592772494429, "rmse": 89.67492833838469, "r2": 0.008599231510410532, "num": 55, "model": "LassoCV(alphas=[0.1, 1.0, 10.0])"}, "diedOnDate": {"mae": 49.64274229217276, "mse": 11177.451246926026, "rmse": 105.72346592372966, "r2": -4.7854776530131815e-05, "num": 163, "model": "LassoCV(alphas=[0.1, 1.0, 10.0])"}, "happenedOnDate": {"mae": 120.79110610068876, "mse": 96435.70031701469, "rmse": 310.5409800928288, "r2": -0.04120174441740598, "num": 41, "model": "LassoCV(alphas=[0.1, 1.0, 10.0])"}, "hasLatitude": {"mae": 11.311679144784508, "mse": 342.02016831539925, "rmse": 18.493787289665665, "r2": -0.007347140920892725, "num": 279, "model": "LassoCV(alphas=[0.1, 1.0, 10.0])"}, "hasLongitude": {"mae": 57.81120296853835, "mse": 4733.152162765808, "rmse": 68.79790812783342, "r2": -0.014932873998108054, "num": 296, "model": "LinearRegression()"}}