{"wasBornOnDate": {"mae": 26.49482592494172, "mse": 2456.5073589151198, "rmse": 49.56316534398423, "r2": -7.476303948661389e-05, "num": 837}, "wasCreatedOnDate": {"mae": 91.56536779363672, "mse": 24441.693392596757, "rmse": 156.33839385319513, "r2": -0.0016531069864811343, "num": 651}, "wasDestroyedOnDate": {"mae": 42.83227943300236, "mse": 3190.6854283412877, "rmse": 56.48615253618614, "r2": -0.08651070320158172, "num": 58}, "diedOnDate": {"mae": 58.508044039156516, "mse": 29457.19879388548, "rmse": 171.63099601728553, "r2": -0.0021846554692166453, "num": 169}, "happenedOnDate": {"mae": 58.74059824873317, "mse": 6245.3889755855835, "rmse": 79.02777344443903, "r2": -0.08259141107452117, "num": 36}, "hasLatitude": {"mae": 9.161496526408476, "mse": 210.78886234187618, "rmse": 14.51856956941269, "r2": -0.0024802710680291717, "num": 309}, "hasLongitude": {"mae": 60.47447738086604, "mse": 5268.691733606766, "rmse": 72.58575434344377, "r2": -0.03344515800389347, "num": 294}}