{"micro": {"mae": 49.65268296353208, "mse": 10607.446278788444, "r2": -0.00853787080887312, "rmse": 102.99245738785169}, "macro": {"mae": 49.682441335249294, "mse": 10181.564935038981, "r2": -0.029848581263315705, "rmse": 100.90374093679075}}