{"people.person.date_of_birth": {"mae": 25.89461345831903, "mse": 1507.7241626483715, "rmse": 38.82942392887605, "r2": -0.0039234416721360965, "num": 425, "model": "LassoCV(alphas=[0.1, 1.0, 10.0])"}, "film.film.initial_release_date": {"mae": 11.695923475602845, "mse": 253.91817230712346, "rmse": 15.934810080673175, "r2": -4.014022256648708e-05, "num": 204, "model": "LassoCV(alphas=[0.1, 1.0, 10.0])"}, "organization.organization.date_founded": {"mae": 84.15594223962638, "mse": 22099.475480017056, "rmse": 148.65892331110518, "r2": -0.024607575911578916, "num": 126, "model": "LassoCV(alphas=[0.1, 1.0, 10.0])"}, "location.dated_location.date_founded": {"mae": 167.2550588923873, "mse": 94516.79108000384, "rmse": 307.4358324593993, "r2": 0.00018664777805932342, "num": 103, "model": "LassoCV(alphas=[0.1, 1.0, 10.0])"}, "people.deceased_person.date_of_death": {"mae": 38.43078330769296, "mse": 3943.9311355822783, "rmse": 62.800725597577916, "r2": -0.0026178183701011104, "num": 117, "model": "LassoCV(alphas=[0.1, 1.0, 10.0])"}, "people.person.weight_kg": {"mae": 10.7215, "mse": 198.9553180889143, "rmse": 14.105152182408892, "r2": -0.014911507375511945, "num": 20, "model": "LassoCV(alphas=[0.1, 1.0, 10.0])"}, "people.person.height_meters": {"mae": 0.16816616559566258, "mse": 0.05844574309964244, "rmse": 0.24175554409287586, "r2": -0.01200348502508164, "num": 305, "model": "LinearRegression()"}, "location.geocode.latitude": {"mae": 10.5297714095511, "mse": 266.6624679670936, "rmse": 16.32980305965426, "r2": -0.007349776503491556, "num": 317, "model": "LassoCV(alphas=[0.1, 1.0, 10.0])"}, "location.geocode.longitude": {"mae": 58.43408643702705, "mse": 4679.829517869477, "rmse": 68.40927947193624, "r2": -2.224054104837947e-05, "num": 292, "model": "LassoCV(alphas=[0.1, 1.0, 10.0])"}, "location.location.area": {"mae": 845943.2289159164, "mse": 1596859117178.7556, "rmse": 1263668.9112179487, "r2": -1.194978314575275, "num": 204, "model": "RidgeCV(alphas=array([ 0.1,  1. , 10. ]))"}, "topic_server.population_number": {"mae": 17653497.214193873, "mse": 7060895999779647.0, "rmse": 84029137.80219126, "r2": -0.03343563505747604, "num": 199, "model": "RidgeCV(alphas=array([ 0.1,  1. , 10. ]))"}}