{"people.person.date_of_birth": {"mae": 30.760699726930646, "mse": 3594.444911991699, "rmse": 59.95368972791999, "r2": -0.00027849346722375046, "num": 475}, "film.film.initial_release_date": {"mae": 11.86655658801111, "mse": 267.2339055530083, "rmse": 16.347290465181327, "r2": -0.004948955388175191, "num": 184}, "organization.organization.date_founded": {"mae": 66.87695261598172, "mse": 10299.228665770344, "rmse": 101.4851154887767, "r2": -0.0002481092429080789, "num": 123}, "location.dated_location.date_founded": {"mae": 183.57820643511982, "mse": 66758.55932739667, "rmse": 258.37677784080495, "r2": -0.12256544675378844, "num": 83}, "people.deceased_person.date_of_death": {"mae": 60.392942801142986, "mse": 38635.07384507017, "rmse": 196.55806736196348, "r2": -0.004187957168602541, "num": 115}, "people.person.weight_kg": {"mae": 11.380684826007325, "mse": 194.5839200381084, "rmse": 13.949334035648741, "r2": -0.02087866497569557, "num": 24}, "people.person.height_meters": {"mae": 0.19085966022146286, "mse": 0.08150581297467095, "rmse": 0.2854922292719558, "r2": -0.004432222905113914, "num": 257}, "location.geocode.latitude": {"mae": 12.568013647425055, "mse": 411.24578061529866, "rmse": 20.27919575859207, "r2": 0.004268574530502889, "num": 349}, "location.geocode.longitude": {"mae": 58.09674414110062, "mse": 4562.269994670443, "rmse": 67.54457783323872, "r2": -0.002152896583134778, "num": 302}, "location.location.area": {"mae": 1345107.6251717573, "mse": 51382213328519.25, "rmse": 7168138.763202011, "r2": 5.179770792218541e-05, "num": 221}, "topic_server.population_number": {"mae": 13878584.753504058, "mse": 418183330508913.06, "rmse": 20449531.30291531, "r2": -0.8944098031170913, "num": 199}}