{"micro": {"mae": 36.326602705315416, "mse": 7601.12588439572, "r2": -0.006552598474466061, "rmse": 87.18443602154986}, "macro": {"mae": 48.41240671577119, "mse": 13858.0802063243, "r2": -0.01726935243934882, "rmse": 117.7203474609394}}