{"wasBornOnDate": {"mae": 26.909959139784927, "mse": 2443.758170611923, "rmse": 49.43438247426504, "r2": 0.0051155904210853365, "num": 837}, "wasCreatedOnDate": {"mae": 96.17965837173578, "mse": 33423.05006557591, "rmse": 182.81972012224477, "r2": -0.36972105023169965, "num": 651}, "wasDestroyedOnDate": {"mae": 28.987167241379304, "mse": 3519.4144711629306, "rmse": 59.32465314827328, "r2": -0.19845142299375618, "num": 58}, "diedOnDate": {"mae": 95.84478639053253, "mse": 43633.07524498136, "rmse": 208.88531601091867, "r2": -0.4844723962867401, "num": 169}, "happenedOnDate": {"mae": 52.709725, "mse": 8467.268744781388, "rmse": 92.01776320244579, "r2": -0.4677376307855332, "num": 36}, "hasLatitude": {"mae": 1902.5697136242356, "mse": 3643381.0674247034, "rmse": 1908.7642775955085, "r2": -17326.374888300434, "num": 309}, "hasLongitude": {"mae": 1985.2684749473547, "mse": 3946389.0998434, "rmse": 1986.5520632098721, "r2": -773.0776862723353, "num": 294}}