{"micro": {"mae": 542.2583437741763, "mse": 984592.1468989915, "r2": -2371.062579216497, "rmse": 992.2661673658896}, "macro": {"mae": 598.3527835307176, "mse": 1097322.3905664596, "r2": -2585.852548783235, "rmse": 1047.5315702003734}}