{"people.person.date_of_birth": {"mae": 23.48901631810242, "mse": 906.3242188574138, "rmse": 30.105219129868726, "r2": 0.39652082814146306, "num": 425, "model": "LassoCV(alphas=[0.1, 1.0, 10.0])"}, "film.film.initial_release_date": {"mae": 5.525986921538271, "mse": 60.38524783017846, "rmse": 7.7707945430424585, "r2": 0.7621766447088909, "num": 204, "model": "LassoCV(alphas=[0.1, 1.0, 10.0])"}, "organization.organization.date_founded": {"mae": 71.63192536998847, "mse": 13591.325643375523, "rmse": 116.58184096751742, "r2": 0.3698594686794292, "num": 126, "model": "LassoCV(alphas=[0.1, 1.0, 10.0])"}, "location.dated_location.date_founded": {"mae": 153.38717526734482, "mse": 81564.26170463196, "rmse": 285.5945757619216, "r2": 0.13720052294847296, "num": 103, "model": "LassoCV(alphas=[0.1, 1.0, 10.0])"}, "people.deceased_person.date_of_death": {"mae": 45.574626406558416, "mse": 3749.3284588052, "rmse": 61.23176021318675, "r2": 0.04685366186922357, "num": 117, "model": "LassoCV(alphas=[0.1, 1.0, 10.0])"}, "people.person.weight_kg": {"mae": 9.514591849916007, "mse": 125.06056765573916, "rmse": 11.183048227372497, "r2": 0.362040630771178, "num": 20, "model": "LassoCV(alphas=[0.1, 1.0, 10.0])"}, "people.person.height_meters": {"mae": 0.16203527515193442, "mse": 0.05649584988239972, "rmse": 0.23768855648179554, "r2": 0.021759431256300754, "num": 305, "model": "RidgeCV(alphas=array([ 0.1,  1. , 10. ]))"}, "location.geocode.latitude": {"mae": 8.741267698240751, "mse": 150.04786096104212, "rmse": 12.24940247363283, "r2": 0.43317602827187185, "num": 317, "model": "LassoCV(alphas=[0.1, 1.0, 10.0])"}, "location.geocode.longitude": {"mae": 24.959018266829034, "mse": 1207.390440263471, "rmse": 34.74752423214453, "r2": 0.741995453323735, "num": 292, "model": "LassoCV(alphas=[0.1, 1.0, 10.0])"}, "location.location.area": {"mae": 1778305.8913673589, "mse": 4723149502431.539, "rmse": 2173280.8153645354, "r2": -5.4922513343885075, "num": 204, "model": "RidgeCV(alphas=array([ 0.1,  1. , 10. ]))"}, "topic_server.population_number": {"mae": 25998727.366837054, "mse": 6691455037672855.0, "rmse": 81801314.40064307, "r2": 0.020635895709014807, "num": 199, "model": "RidgeCV(alphas=array([ 0.1,  1. , 10. ]))"}}