{"people.person.date_of_birth": {"mae": 27.03352417444873, "mse": 1874.191827861676, "rmse": 43.2919372153947, "r2": 0.4784413660680441, "num": 475}, "film.film.initial_release_date": {"mae": 5.08737959911806, "mse": 38.05632472960724, "rmse": 6.16898085015728, "r2": 0.8568869331764274, "num": 184}, "organization.organization.date_founded": {"mae": 55.74114062095473, "mse": 6874.432069884137, "rmse": 82.91219494069698, "r2": 0.3323638203243924, "num": 123}, "location.dated_location.date_founded": {"mae": 172.27549544146547, "mse": 55152.179102237766, "rmse": 234.84501080976315, "r2": 0.07259936108386322, "num": 83}, "people.deceased_person.date_of_death": {"mae": 67.01158386235814, "mse": 24191.32100989002, "rmse": 155.53559402879463, "r2": 0.3712285027965312, "num": 115}, "people.person.weight_kg": {"mae": 10.60641519979936, "mse": 173.63642213176118, "rmse": 13.177117368065034, "r2": 0.08902175070626195, "num": 24}, "people.person.height_meters": {"mae": 0.1916393905405716, "mse": 0.08132979299258562, "rmse": 0.2851837880956518, "r2": -0.0022630507267242805, "num": 257}, "location.geocode.latitude": {"mae": 9.763329247350091, "mse": 227.73219147100954, "rmse": 15.090798238363984, "r2": 0.44860200316354293, "num": 349}, "location.geocode.longitude": {"mae": 25.161009753351745, "mse": 1143.6319744220623, "rmse": 33.817628160798954, "r2": 0.7487886299734552, "num": 302}, "location.location.area": {"mae": 2373818.6308825654, "mse": 48270913903491.51, "rmse": 6947727.247344379, "r2": 0.060600732160343895, "num": 221}, "topic_server.population_number": {"mae": 22244167.250129443, "mse": 807131627009063.8, "rmse": 28410062.07330536, "r2": -2.656382153614391, "num": 199}}