{"micro": {"mae": 28.21558186835389, "mse": 4985.081053969762, "r2": 0.44915052437996217, "rmse": 70.60510642984516}, "macro": {"mae": 41.43016858770965, "mse": 9963.91802804678, "r2": 0.37729659072953264, "rmse": 99.81942710738618}}