{"wasBornOnDate": {"mae": 1245.4938059737158, "mse": 2400698.870340664, "rmse": 1549.4188814974032, "r2": -976.3544317593313, "num": 837}, "wasCreatedOnDate": {"mae": 1453.2018531490014, "mse": 2754078.703888925, "rmse": 1659.5417150192172, "r2": -111.86580869520341, "num": 651}, "wasDestroyedOnDate": {"mae": 1944.424905172414, "mse": 3849191.036243577, "rmse": 1961.9355331517845, "r2": -1309.7488511396089, "num": 58}, "diedOnDate": {"mae": 1843.0931828402368, "mse": 3613979.353496356, "rmse": 1901.0469098621306, "r2": -121.95380421604825, "num": 169}, "happenedOnDate": {"mae": 661.2863472222223, "mse": 1230907.2955947814, "rmse": 1109.4626156814754, "r2": -212.36856219030489, "num": 36}, "hasLatitude": {"mae": 36.65994452031643, "mse": 1467.780492730223, "rmse": 38.311623467692186, "r2": -5.980544274839708, "num": 309}, "hasLongitude": {"mae": 64.93133614584279, "mse": 6202.54236033755, "rmse": 78.7562210897498, "r2": -0.2166184118760015, "num": 294}}