{"micro": {"mae": 1048.0017666030822, "mse": 1989335.4017916066, "r2": -423.1800634471602, "rmse": 1410.4380177064168}, "macro": {"mae": 1035.58448214625, "mse": 1979503.6546310529, "r2": -391.2126600981733, "rmse": 1406.948348245611}}