{"wasBornOnDate": {"mae": 58.72792186379929, "mse": 19192.37101282643, "rmse": 138.53653313413912, "r2": -6.813453447701032, "num": 837}, "wasCreatedOnDate": {"mae": 106.14399815668204, "mse": 51281.39929537623, "rmse": 226.45396727674307, "r2": -1.101579956419323, "num": 651}, "wasDestroyedOnDate": {"mae": 53.50797758620689, "mse": 32469.28112288707, "rmse": 180.19234479546313, "r2": -10.056627880617375, "num": 58}, "diedOnDate": {"mae": 249.0272881656805, "mse": 395328.5047200245, "rmse": 628.7515445070687, "r2": -12.449756851362157, "num": 169}, "happenedOnDate": {"mae": 165.07377499999998, "mse": 237060.0098670036, "rmse": 486.8880876207628, "r2": -40.09257751510925, "num": 36}, "hasLatitude": {"mae": 630.5123164002157, "mse": 1181703.1379880852, "rmse": 1087.061699255422, "r2": -5619.003205723892, "num": 309}, "hasLongitude": {"mae": 258.4558746756992, "mse": 302902.172996433, "rmse": 550.3654903756529, "r2": -58.41375959335731, "num": 294}}