{"micro": {"mae": 315.4615058884027, "mse": 503710.7233665564, "r2": -252.97895269716668, "rmse": 709.7258085814242}, "macro": {"mae": 395.6953562455307, "mse": 679642.2427261893, "r2": -249.3494836432688, "rmse": 824.4041743745536}}