{"wasBornOnDate": {"mae": 329.21616248506564, "mse": 569966.4215397082, "rmse": 754.9612053209809, "r2": -231.04043411191887, "num": 837}, "wasCreatedOnDate": {"mae": 131.0972196620584, "mse": 48644.658627173456, "rmse": 220.55534141610232, "r2": -0.993522816506796, "num": 651}, "wasDestroyedOnDate": {"mae": 279.94848103448277, "mse": 478405.6764642664, "rmse": 691.6687620995084, "r2": -161.90947497793238, "num": 58}, "diedOnDate": {"mae": 1525.888581656805, "mse": 2955621.853833634, "rmse": 1719.1922096826852, "r2": -99.55534777788836, "num": 169}, "happenedOnDate": {"mae": 165.07377499999998, "mse": 237060.0098670036, "rmse": 486.8880876207628, "r2": -40.09257751510925, "num": 36}, "hasLatitude": {"mae": 138.8137493660554, "mse": 246090.0779247827, "rmse": 496.07466970687256, "r2": -1169.36756726296, "num": 309}, "hasLongitude": {"mae": 199.82952451424794, "mse": 221707.00082675728, "rmse": 470.85772885953276, "r2": -42.48746104056621, "num": 294}}