{"micro": {"mae": 309.0235952909327, "mse": 493396.26935830165, "r2": -210.94188065739243, "rmse": 702.4217176015429}, "macro": {"mae": 388.30098769695553, "mse": 667762.2771816936, "r2": -203.5158883478518, "rmse": 817.1672271828414}}