{"wasBornOnDate": {"mae": 329.46116272401434, "mse": 570367.4879418587, "rmse": 755.226779147733, "r2": -231.2037132430146, "num": 837}, "wasCreatedOnDate": {"mae": 132.77753671274962, "mse": 51459.655052365466, "rmse": 226.84720640194243, "r2": -1.1088851144523004, "num": 651}, "wasDestroyedOnDate": {"mae": 279.9312396551724, "mse": 478405.62474012846, "rmse": 691.6687247086776, "r2": -161.909457364529, "num": 58}, "diedOnDate": {"mae": 1526.3400727810651, "mse": 2956050.656656119, "rmse": 1719.3169157127836, "r2": -99.56993638870378, "num": 169}, "happenedOnDate": {"mae": 165.07377499999998, "mse": 237060.0098670036, "rmse": 486.8880876207628, "r2": -40.09257751510925, "num": 36}, "hasLatitude": {"mae": 97.62895167889248, "mse": 179396.72598429874, "rmse": 423.5525067619111, "r2": -852.1839704214233, "num": 309}, "hasLongitude": {"mae": 186.89417532679516, "mse": 201595.7800300823, "rmse": 448.9941870782764, "r2": -38.54267838773049, "num": 294}}