{"wasBornOnDate": {"mae": 329.3681933094384, "mse": 570296.2817119901, "rmse": 755.179635392792, "r2": -231.1747242993404, "num": 837}, "wasCreatedOnDate": {"mae": 130.64791643625193, "mse": 46917.99353623644, "rmse": 216.60561750849502, "r2": -0.9227617843114566, "num": 651}, "wasDestroyedOnDate": {"mae": 280.6891362068966, "mse": 478440.4879815078, "rmse": 691.6939265177249, "r2": -161.9213291976375, "num": 58}, "diedOnDate": {"mae": 1527.727324852071, "mse": 2957627.879057303, "rmse": 1719.7755315904756, "r2": -99.62359621222565, "num": 169}, "happenedOnDate": {"mae": 165.07377499999998, "mse": 237060.0098670036, "rmse": 486.8880876207628, "r2": -40.09257751510925, "num": 36}, "hasLatitude": {"mae": 111.03040909205322, "mse": 193957.80020554285, "rmse": 440.4064034565606, "r2": -921.4342594081321, "num": 309}, "hasLongitude": {"mae": 203.9396464333711, "mse": 215141.24963480188, "rmse": 463.83321316482056, "r2": -41.19959981788284, "num": 294}}