{"micro": {"mae": 312.40788766391483, "mse": 495832.162047576, "r2": -220.306282203729, "rmse": 704.153507445341}, "macro": {"mae": 392.6394859042975, "mse": 671348.8145706265, "r2": -213.76697831923417, "rmse": 819.3587825675797}}