{"micro": {"mae": 187.0013069763476, "mse": 246761.0917316563, "r2": -749.3611941767139, "rmse": 496.7505326938828}, "macro": {"mae": 217.3498788354691, "mse": 317133.83957180515, "r2": -821.1329944240655, "rmse": 563.1463749078077}}