{"wasBornOnDate": {"mae": 1830.2745646356034, "mse": 3562985.3620441295, "rmse": 1887.5871799851072, "r2": -1449.5357489476846, "num": 837}, "wasCreatedOnDate": {"mae": 189.84138525345622, "mse": 197934.84469691233, "rmse": 444.89869037446306, "r2": -7.111633223891159, "num": 651}, "wasDestroyedOnDate": {"mae": 1122.574801724138, "mse": 2063289.1409021972, "rmse": 1436.415378956309, "r2": -701.6031822119331, "num": 58}, "diedOnDate": {"mae": 888.0229982248521, "mse": 1694910.0612987226, "rmse": 1301.887115420812, "r2": -56.66376048582581, "num": 169}, "happenedOnDate": {"mae": 498.0799083333334, "mse": 884655.1577614481, "rmse": 940.5610866719121, "r2": -152.34834696433313, "num": 36}, "hasLatitude": {"mae": 1195.8365032114348, "mse": 2123253.7511127596, "rmse": 1457.1388921831576, "r2": -10096.876957604645, "num": 309}, "hasLongitude": {"mae": 885.2462661816704, "mse": 1562882.217322225, "rmse": 1250.152877580268, "r2": -305.5567586199171, "num": 294}}