{"micro": {"mae": 1069.8464469200273, "mse": 1981565.5348880321, "r2": -1904.5936544660872, "rmse": 1407.680906629067}, "macro": {"mae": 944.2680610806412, "mse": 1727130.0764483418, "r2": -1824.2423411511757, "rmse": 1314.2032097238014}}