{"people.person.date_of_birth": {"mae": 16.905255007695327, "mse": 1552.9577798922267, "rmse": 39.407585309077575, "r2": 0.5678358393235021, "num": 475}, "film.film.initial_release_date": {"mae": 9.800406578143216, "mse": 224.04702496290315, "rmse": 14.96820045840191, "r2": 0.15745787111719545, "num": 184}, "organization.organization.date_founded": {"mae": 62.88333449762748, "mse": 9821.983611338417, "rmse": 99.10592117193815, "r2": 0.04610132903372599, "num": 123}, "location.dated_location.date_founded": {"mae": 164.1994986081043, "mse": 117887.9203899107, "rmse": 343.3481038099828, "r2": -0.9823211787775377, "num": 83}, "people.deceased_person.date_of_death": {"mae": 44.547037357598846, "mse": 5840.85282614654, "rmse": 76.42547236456272, "r2": 0.848186803236589, "num": 115}, "people.person.weight_kg": {"mae": 11.569933612794108, "mse": 208.9350045985359, "rmse": 14.454584207044348, "r2": -0.09617119708283628, "num": 24}, "people.person.height_meters": {"mae": 0.1838506660333059, "mse": 0.08972272237897774, "rmse": 0.2995375141430164, "r2": -0.10569283582535594, "num": 257}, "location.geocode.latitude": {"mae": 2.270686526168528, "mse": 74.2969429002229, "rmse": 8.619567442756214, "r2": 0.8201080610447176, "num": 349}, "location.geocode.longitude": {"mae": 4.888963965783303, "mse": 397.2622568742815, "rmse": 19.931438906267694, "r2": 0.9127369660509379, "num": 302}, "location.location.area": {"mae": 2897375.994069958, "mse": 83377325714566.53, "rmse": 9131118.535785554, "r2": -0.6226044298081332, "num": 221}, "topic_server.population_number": {"mae": 25966838.024557535, "mse": 8540781312239485.0, "rmse": 92416347.64607118, "r2": -37.69054231428979, "num": 199}}