{"micro": {"mae": 20.35212003452685, "mse": 6586.987125054536, "r2": 0.44600767232423266, "rmse": 81.16025582176621}, "macro": {"mae": 35.24988520221649, "mse": 15112.038395482918, "r2": 0.24091573979121536, "rmse": 122.93103105189884}}