{"wasBornOnDate": {"mae": 21.233783034647555, "mse": 1692.9310008789967, "rmse": 41.14524274905905, "r2": 0.31078668932057374, "num": 837}, "wasCreatedOnDate": {"mae": 56.929488479262666, "mse": 21600.506288617387, "rmse": 146.9711069857521, "r2": 0.1147825198139456, "num": 651}, "wasDestroyedOnDate": {"mae": 39.96917413793103, "mse": 7234.536947025, "rmse": 85.05608118779632, "r2": -1.463546470557667, "num": 58}, "diedOnDate": {"mae": 38.039140236686386, "mse": 14114.552579196035, "rmse": 118.80468248009434, "r2": 0.5197986029608517, "num": 169}, "happenedOnDate": {"mae": 27.26017499999999, "mse": 4707.542005892497, "rmse": 68.61152968628886, "r2": 0.18398284513993868, "num": 36}, "hasLatitude": {"mae": 5.638183802588997, "mse": 140.746320692107, "rmse": 11.863655452351395, "r2": 0.3306315706073215, "num": 309}, "hasLongitude": {"mae": 89.58354519724112, "mse": 13245.923891978593, "rmse": 115.090937488486, "r2": -1.5981660346794264, "num": 294}}