{"micro": {"mae": 39.35502446176248, "mse": 9511.953746807527, "r2": -0.009881108107397236, "rmse": 97.529245597449}, "macro": {"mae": 39.80764141262254, "mse": 8962.391290611518, "r2": -0.22881861105635176, "rmse": 94.66990699589557}}