{"people.person.date_of_birth": {"mae": 30.581954558219593, "mse": 1969.1640857886002, "rmse": 44.375264346126436, "r2": 0.45201205378024356, "num": 475}, "film.film.initial_release_date": {"mae": 5.087379752524479, "mse": 38.05632676845225, "rmse": 6.168981015407022, "r2": 0.8568869255092297, "num": 184}, "organization.organization.date_founded": {"mae": 52.54115547853386, "mse": 6235.514420857116, "rmse": 78.96527351220355, "r2": 0.39441469725318423, "num": 123}, "location.dated_location.date_founded": {"mae": 172.27551653246945, "mse": 55152.163341762534, "rmse": 234.8449772547042, "r2": 0.07259962610103998, "num": 83}, "people.deceased_person.date_of_death": {"mae": 66.795984337123, "mse": 24122.80151564891, "rmse": 155.31516833731632, "r2": 0.3730094350971688, "num": 115}, "people.person.weight_kg": {"mae": 10.60641519979936, "mse": 173.63642213176118, "rmse": 13.177117368065034, "r2": 0.08902175070626195, "num": 24}, "people.person.height_meters": {"mae": 0.19558979643954186, "mse": 0.08273536248130321, "rmse": 0.28763755401773117, "r2": -0.019584505902429994, "num": 257}, "location.geocode.latitude": {"mae": 8.457704204808921, "mse": 163.72982132889283, "rmse": 12.795695421855461, "r2": 0.603568143265177, "num": 349}, "location.geocode.longitude": {"mae": 22.040189591811796, "mse": 931.5201377561194, "rmse": 30.520814827853457, "r2": 0.7953813331152382, "num": 302}, "location.location.area": {"mae": 2458166.464062038, "mse": 33174339477171.125, "rmse": 5759716.961550378, "r2": 0.35439485819089456, "num": 221}, "topic_server.population_number": {"mae": 23091547.56155981, "mse": 872960888778903.5, "rmse": 29545911.540835958, "r2": -2.9545948984337054, "num": 199}}