{"people.person.date_of_birth": {"mae": 27.682586919968518, "mse": 1252.9439270990183, "rmse": 35.39694799130312, "r2": 0.16572287512725614, "num": 425, "model": "LassoCV(alphas=[0.1, 1.0, 10.0])"}, "film.film.initial_release_date": {"mae": 5.5259867615207945, "mse": 60.38524743497363, "rmse": 7.770794517613603, "r2": 0.7621766462653793, "num": 204, "model": "LassoCV(alphas=[0.1, 1.0, 10.0])"}, "organization.organization.date_founded": {"mae": 67.24204601587522, "mse": 12205.312715852953, "rmse": 110.47765708890171, "r2": 0.4341197877596319, "num": 126, "model": "LassoCV(alphas=[0.1, 1.0, 10.0])"}, "location.dated_location.date_founded": {"mae": 153.30192657991992, "mse": 81538.85064575667, "rmse": 285.55008430353627, "r2": 0.13746932509111132, "num": 103, "model": "LassoCV(alphas=[0.1, 1.0, 10.0])"}, "people.deceased_person.date_of_death": {"mae": 45.855850670172025, "mse": 3694.2535172478724, "rmse": 60.78037115095524, "r2": 0.06085469683986, "num": 117, "model": "LassoCV(alphas=[0.1, 1.0, 10.0])"}, "people.person.weight_kg": {"mae": 9.514591849916007, "mse": 125.06056765573916, "rmse": 11.183048227372497, "r2": 0.362040630771178, "num": 20, "model": "LassoCV(alphas=[0.1, 1.0, 10.0])"}, "people.person.height_meters": {"mae": 0.16372026594685743, "mse": 0.056999075296070394, "rmse": 0.23874479113913752, "r2": 0.013045950250170302, "num": 305, "model": "RidgeCV(alphas=array([ 0.1,  1. , 10. ]))"}, "location.geocode.latitude": {"mae": 7.859265139970407, "mse": 111.16212662773077, "rmse": 10.543345134620738, "r2": 0.5800716003726638, "num": 317, "model": "RidgeCV(alphas=array([ 0.1,  1. , 10. ]))"}, "location.geocode.longitude": {"mae": 21.526297448194903, "mse": 891.6153746464435, "rmse": 29.859929247177455, "r2": 0.8094727166341937, "num": 292, "model": "RidgeCV(alphas=array([ 0.1,  1. , 10. ]))"}, "location.location.area": {"mae": 1901131.72857924, "mse": 5957599344011.312, "rmse": 2440819.4001218756, "r2": -7.18907643533144, "num": 204, "model": "RidgeCV(alphas=array([ 0.1,  1. , 10. ]))"}, "topic_server.population_number": {"mae": 27277242.309391864, "mse": 6609774121085317.0, "rmse": 81300517.34820214, "r2": 0.032590748168016215, "num": 199, "model": "RidgeCV(alphas=array([ 0.1,  1. , 10. ]))"}}