{"people.person.date_of_birth": {"mae": 26.107192899261104, "mse": 1547.6059041212156, "rmse": 39.33962257217544, "r2": 0.5693251836769488, "num": 475}, "film.film.initial_release_date": {"mae": 4.512483526230636, "mse": 30.92029997032008, "rmse": 5.560602482673985, "r2": 0.8837223776258492, "num": 184}, "organization.organization.date_founded": {"mae": 56.10373481738184, "mse": 6012.730380416135, "rmse": 77.54179763467013, "r2": 0.4160512025150974, "num": 123}, "location.dated_location.date_founded": {"mae": 172.2754581541435, "mse": 55152.008411843846, "rmse": 234.84464739875133, "r2": 0.07260223129466814, "num": 83}, "people.deceased_person.date_of_death": {"mae": 49.48534987544346, "mse": 5317.455263682688, "rmse": 72.92088359093496, "r2": 0.861790751067652, "num": 115}, "people.person.weight_kg": {"mae": 10.606412425130523, "mse": 173.63636281218285, "rmse": 13.177115117209185, "r2": 0.08902206192463968, "num": 24}, "people.person.height_meters": {"mae": 0.19328456747127223, "mse": 0.08115028450299398, "rmse": 0.2848688900231017, "r2": -5.088812567266565e-05, "num": 257}, "location.geocode.latitude": {"mae": 5.844161527802099, "mse": 91.06653972125243, "rmse": 9.542879005900286, "r2": 0.7795045695701808, "num": 349}, "location.geocode.longitude": {"mae": 16.047031784481288, "mse": 570.7748624344597, "rmse": 23.890894969307023, "r2": 0.8746230095207566, "num": 302}, "location.location.area": {"mae": 2176827.125635625, "mse": 31860941883984.336, "rmse": 5644549.750333, "r2": 0.3799548618794263, "num": 221}, "topic_server.population_number": {"mae": 24365759.556984678, "mse": 1066761191815158.6, "rmse": 32661310.31993601, "r2": -3.832528491511538, "num": 199}}