{"micro": {"mae": 24.744610483861337, "mse": 3597.1947641727943, "r2": 0.5897736893841299, "rmse": 59.976618478977244}, "macro": {"mae": 37.908345508593975, "mse": 7655.142130587399, "r2": 0.5051767221189022, "rmse": 87.4936690886112}}