{"people.person.date_of_birth": {"mae": 23.078451512030785, "mse": 1159.167372276032, "rmse": 34.046547141759206, "r2": 0.22816432429835654, "num": 425, "model": "LassoCV(alphas=[0.1, 1.0, 10.0])"}, "film.film.initial_release_date": {"mae": 4.231053428723276, "mse": 32.43793798239568, "rmse": 5.695431325404221, "r2": 0.8722452995242521, "num": 204, "model": "RidgeCV(alphas=array([ 0.1,  1. , 10. ]))"}, "organization.organization.date_founded": {"mae": 61.23016852073229, "mse": 8951.573910716761, "rmse": 94.61275765306051, "r2": 0.5849742925552117, "num": 126, "model": "RidgeCV(alphas=array([ 0.1,  1. , 10. ]))"}, "location.dated_location.date_founded": {"mae": 153.00199985481493, "mse": 81461.41234618539, "rmse": 285.4144571429159, "r2": 0.13828847949743472, "num": 103, "model": "LassoCV(alphas=[0.1, 1.0, 10.0])"}, "people.deceased_person.date_of_death": {"mae": 45.24620414376446, "mse": 4515.872320084135, "rmse": 67.20024047638621, "r2": -0.14801549468033937, "num": 117, "model": "RidgeCV(alphas=array([ 0.1,  1. , 10. ]))"}, "people.person.weight_kg": {"mae": 9.514595540715668, "mse": 125.0606917043993, "rmse": 11.183053773652317, "r2": 0.36203999797375463, "num": 20, "model": "LassoCV(alphas=[0.1, 1.0, 10.0])"}, "people.person.height_meters": {"mae": 0.1610845365804978, "mse": 0.0562758159320257, "rmse": 0.23722524303291523, "r2": 0.025569377247109726, "num": 305, "model": "RidgeCV(alphas=array([ 0.1,  1. , 10. ]))"}, "location.geocode.latitude": {"mae": 4.852235448575219, "mse": 46.26119492141159, "rmse": 6.801558271558922, "r2": 0.8252427320569948, "num": 317, "model": "RidgeCV(alphas=array([ 0.1,  1. , 10. ]))"}, "location.geocode.longitude": {"mae": 16.624590853569558, "mse": 608.1246785667608, "rmse": 24.660184074064833, "r2": 0.8700512056547103, "num": 292, "model": "RidgeCV(alphas=array([ 0.1,  1. , 10. ]))"}, "location.location.area": {"mae": 1903224.6031155726, "mse": 5883583374229.075, "rmse": 2425609.897372015, "r2": -7.08733706029421, "num": 204, "model": "RidgeCV(alphas=array([ 0.1,  1. , 10. ]))"}, "topic_server.population_number": {"mae": 25914691.2110038, "mse": 6243937742610944.0, "rmse": 79018591.12013416, "r2": 0.08613471059538935, "num": 199, "model": "RidgeCV(alphas=array([ 0.1,  1. , 10. ]))"}}