{"micro": {"mae": 28.147579001636092, "mse": 4918.266023363898, "r2": 0.4800008003161039, "rmse": 70.13035022986766}, "macro": {"mae": 40.95354327241444, "mse": 9865.185423044984, "r2": 0.40192327321390153, "rmse": 99.32363979962165}}