{"people.person.date_of_birth": {"mae": 164.27771952421048, "mse": 251001.3050408777, "rmse": 501.00030443192117, "r2": -68.84978582561625, "num": 475}, "film.film.initial_release_date": {"mae": 1519.2169382554348, "mse": 3017141.2164309532, "rmse": 1736.9920024084604, "r2": -11345.138535214632, "num": 184}, "organization.organization.date_founded": {"mae": 1410.0155825609756, "mse": 2643276.174659229, "rmse": 1625.815541400447, "r2": -255.71165110615243, "num": 123}, "location.dated_location.date_founded": {"mae": 442.013052192771, "mse": 605996.3453694565, "rmse": 778.4576708912672, "r2": -9.190012562054417, "num": 83}, "people.deceased_person.date_of_death": {"mae": 41.24130457965215, "mse": 5975.712525562141, "rmse": 77.30273297602189, "r2": 0.8446815818772722, "num": 115}, "people.person.weight_kg": {"mae": 45.964999999999996, "mse": 2832.042733333333, "rmse": 53.216940285338964, "r2": -13.85822674449785, "num": 24}, "people.person.height_meters": {"mae": 10.223852140077822, "mse": 3887.177497665369, "rmse": 62.34723327995693, "r2": -47902.40949080666, "num": 257}, "location.geocode.latitude": {"mae": 26.239688630171923, "mse": 1593.6073260474848, "rmse": 39.92001159878946, "r2": -2.858531732604639, "num": 349}, "location.geocode.longitude": {"mae": 90.85771596347683, "mse": 14608.038777248401, "rmse": 120.8637198552502, "r2": -2.2088167493637614, "num": 302}, "location.location.area": {"mae": 576930.5417815887, "mse": 51717706970420.805, "rmse": 7191502.413989778, "r2": -0.006477237192831664, "num": 221}, "topic_server.population_number": {"mae": 4428380.603015075, "mse": 240356525262582.44, "rmse": 15503435.91796936, "r2": -0.0888376567915159, "num": 199}}