{"micro": {"mae": 320.4795789642051, "mse": 552574.3970276787, "r2": -7565.504095871139, "rmse": 743.3534805378116}, "macro": {"mae": 416.6723170940856, "mse": 727367.9578178192, "r2": -6622.153374351078, "rmse": 852.8586974510017}}