{"wasBornOnDate": {"mae": 18.30757467144564, "mse": 1344.114169098829, "rmse": 36.66216263532239, "r2": 0.4527943690943469, "num": 837}, "wasCreatedOnDate": {"mae": 50.07516620583717, "mse": 20484.05410213505, "rmse": 143.12251430901796, "r2": 0.16053621549407426, "num": 651}, "wasDestroyedOnDate": {"mae": 22.93469137931034, "mse": 1610.5458125422413, "rmse": 40.131606154529145, "r2": 0.4515676011867692, "num": 58}, "diedOnDate": {"mae": 48.26964792899407, "mse": 26722.88915316053, "rmse": 163.4713710505926, "r2": 0.09084126951469262, "num": 169}, "happenedOnDate": {"mae": 21.66499722222222, "mse": 4185.233422559165, "rmse": 64.69338005205142, "r2": 0.27452112681584495, "num": 36}, "hasLatitude": {"mae": 3.065074797914419, "mse": 87.66126390677799, "rmse": 9.36275941732874, "r2": 0.5830961530552627, "num": 309}, "hasLongitude": {"mae": 99.08686817380952, "mse": 17831.261704133012, "rmse": 133.53374743536935, "r2": -2.497572452701003, "num": 294}}