{"micro": {"mae": 37.49734199475597, "mse": 10403.512905187616, "r2": -0.008150284876474838, "rmse": 101.9976122523837}, "macro": {"mae": 37.62914576850476, "mse": 10323.6799467908, "r2": -0.06917367393428744, "rmse": 101.60551139968146}}