{"people.person.date_of_birth": {"mae": 28.087745925526583, "mse": 2739.6564372172993, "rmse": 52.341727495539345, "r2": 0.23759593463375062, "num": 475}, "film.film.initial_release_date": {"mae": 11.832871339355018, "mse": 265.27261654723554, "rmse": 16.28719179438971, "r2": 0.0024265882708035535, "num": 184}, "organization.organization.date_founded": {"mae": 46.52000824790883, "mse": 5780.532636596409, "rmse": 76.0298141296979, "r2": 0.4386019547862897, "num": 123}, "location.dated_location.date_founded": {"mae": 172.22871427424775, "mse": 58037.661800456415, "rmse": 240.91006994406942, "r2": 0.024079093318036038, "num": 83}, "people.deceased_person.date_of_death": {"mae": 59.820833258789484, "mse": 24513.208419020422, "rmse": 156.56694548665251, "r2": 0.36286212924929395, "num": 115}, "people.person.weight_kg": {"mae": 10.735758410746188, "mse": 174.216704852244, "rmse": 13.19911757854456, "r2": 0.08597731492308458, "num": 24}, "people.person.height_meters": {"mae": 0.19671592726940415, "mse": 0.08320425311565845, "rmse": 0.2884514744556846, "r2": -0.025362852807713443, "num": 257}, "location.geocode.latitude": {"mae": 8.882107170210693, "mse": 212.61919911145358, "rmse": 14.581467659719772, "r2": 0.4851944306962339, "num": 349}, "location.geocode.longitude": {"mae": 29.947150129749552, "mse": 1723.135997937433, "rmse": 41.51067330142253, "r2": 0.6214941830367477, "num": 302}, "location.location.area": {"mae": 1804807.503810636, "mse": 32687604028158.95, "rmse": 5717307.4106749715, "r2": 0.3638672068053792, "num": 221}, "topic_server.population_number": {"mae": 8520197.27496316, "mse": 200692209835111.72, "rmse": 14166587.797882443, "r2": 0.09084542117404026, "num": 199}}