{"people.person.date_of_birth": {"mae": 24.203215216897178, "mse": 1173.5455455202396, "rmse": 34.25705103362284, "r2": 0.21859056702505775, "num": 425, "model": "LassoCV(alphas=[0.1, 1.0, 10.0])"}, "film.film.initial_release_date": {"mae": 11.710801169665661, "mse": 252.74920268132868, "rmse": 15.89808801967484, "r2": 0.004563770312366544, "num": 204, "model": "LassoCV(alphas=[0.1, 1.0, 10.0])"}, "organization.organization.date_founded": {"mae": 62.47688349325975, "mse": 12069.991033706714, "rmse": 109.86351092927403, "r2": 0.44039376565732025, "num": 126, "model": "RidgeCV(alphas=array([ 0.1,  1. , 10. ]))"}, "location.dated_location.date_founded": {"mae": 159.78947540163185, "mse": 86299.4784195677, "rmse": 293.7677286898064, "r2": 0.08711066226700015, "num": 103, "model": "LassoCV(alphas=[0.1, 1.0, 10.0])"}, "people.deceased_person.date_of_death": {"mae": 51.13975447724127, "mse": 4222.112895156346, "rmse": 64.97778770592568, "r2": -0.07333659598215747, "num": 117, "model": "RidgeCV(alphas=array([ 0.1,  1. , 10. ]))"}, "people.person.weight_kg": {"mae": 9.678608500583996, "mse": 153.2997128020772, "rmse": 12.381426121496554, "r2": 0.21798701288971278, "num": 20, "model": "LassoCV(alphas=[0.1, 1.0, 10.0])"}, "people.person.height_meters": {"mae": 0.16933082763938576, "mse": 0.057900760966557656, "rmse": 0.2406257695396685, "r2": -0.0025669753888206692, "num": 305, "model": "RidgeCV(alphas=array([ 0.1,  1. , 10. ]))"}, "location.geocode.latitude": {"mae": 8.035022659829739, "mse": 139.81650157902578, "rmse": 11.824402800100552, "r2": 0.4718262277745364, "num": 317, "model": "RidgeCV(alphas=array([ 0.1,  1. , 10. ]))"}, "location.geocode.longitude": {"mae": 31.120896452510724, "mse": 1875.0403405167506, "rmse": 43.30173599888058, "r2": 0.5993268482818463, "num": 292, "model": "RidgeCV(alphas=array([ 0.1,  1. , 10. ]))"}, "location.location.area": {"mae": 1355607.7223018743, "mse": 3386787961925.4565, "rmse": 1840322.787427645, "r2": -3.6553425111319955, "num": 204, "model": "RidgeCV(alphas=array([ 0.1,  1. , 10. ]))"}, "topic_server.population_number": {"mae": 13644356.600428378, "mse": 6496376664628129.0, "rmse": 80600103.37852012, "r2": 0.049187646413138886, "num": 199, "model": "RidgeCV(alphas=array([ 0.1,  1. , 10. ]))"}}