{"people.person.date_of_birth": {"mae": 25.988359037713572, "mse": 1550.0787402222413, "rmse": 39.371039359181786, "r2": 0.5686370315894115, "num": 475}, "film.film.initial_release_date": {"mae": 8.177465257083348, "mse": 162.02477805141186, "rmse": 12.728895397928756, "r2": 0.39069621007552446, "num": 184}, "organization.organization.date_founded": {"mae": 57.803304369436674, "mse": 6103.200693805297, "rmse": 78.12298441435335, "r2": 0.4072648396866968, "num": 123}, "location.dated_location.date_founded": {"mae": 145.92004967207797, "mse": 45218.61338552639, "rmse": 212.64668674946805, "r2": 0.23963528500114273, "num": 83}, "people.deceased_person.date_of_death": {"mae": 40.4301028685237, "mse": 7781.879089555701, "rmse": 88.21495955650437, "r2": 0.7977363962804712, "num": 115}, "people.person.weight_kg": {"mae": 9.428339145365223, "mse": 134.93149476897904, "rmse": 11.616001668774803, "r2": 0.2920859842069534, "num": 24}, "people.person.height_meters": {"mae": 0.18822718368070776, "mse": 0.07958109696652552, "rmse": 0.28210121759135587, "r2": 0.019286904700218543, "num": 257}, "location.geocode.latitude": {"mae": 7.809716469508195, "mse": 177.3629040882446, "rmse": 13.317766482719412, "r2": 0.5705589561333297, "num": 349}, "location.geocode.longitude": {"mae": 27.089734981829498, "mse": 1493.0276266334006, "rmse": 38.639715664499924, "r2": 0.6720400233968646, "num": 302}, "location.location.area": {"mae": 1421205.9833205577, "mse": 43815882916390.96, "rmse": 6619356.684481579, "r2": 0.1472999990491468, "num": 221}, "topic_server.population_number": {"mae": 10051644.750558922, "mse": 239108324216658.44, "rmse": 15463127.892398046, "r2": -0.08318318870264751, "num": 199}}