{"micro": {"mae": 26.067251530000675, "mse": 4611.12138717642, "r2": 0.48008248373756585, "rmse": 67.90523828966673}, "macro": {"mae": 37.50441201498072, "mse": 9691.353263576977, "r2": 0.4331403165415613, "rmse": 98.44467107760063}}