{"people.person.date_of_birth": {"mae": 21.509825815402035, "mse": 853.051206665484, "rmse": 29.20704036128077, "r2": 0.4319928508581521, "num": 425, "model": "RidgeCV(alphas=array([ 0.1,  1. , 10. ]))"}, "film.film.initial_release_date": {"mae": 4.669978800286535, "mse": 42.626438377575795, "rmse": 6.528892584319013, "r2": 0.8321185560490757, "num": 204, "model": "RidgeCV(alphas=array([ 0.1,  1. , 10. ]))"}, "organization.organization.date_founded": {"mae": 55.38500319716961, "mse": 8837.542481243287, "rmse": 94.00820432942695, "r2": 0.5902611812253158, "num": 126, "model": "LassoCV(alphas=[0.1, 1.0, 10.0])"}, "location.dated_location.date_founded": {"mae": 132.99737293692644, "mse": 57473.632984957774, "rmse": 239.7365908345194, "r2": 0.3920349495316171, "num": 103, "model": "LassoCV(alphas=[0.1, 1.0, 10.0])"}, "people.deceased_person.date_of_death": {"mae": 39.02701629609865, "mse": 3526.396872237616, "rmse": 59.38347305637837, "r2": 0.10352685754285362, "num": 117, "model": "RidgeCV(alphas=array([ 0.1,  1. , 10. ]))"}, "people.person.weight_kg": {"mae": 7.569979430461567, "mse": 104.13402115590107, "rmse": 10.2046078393979, "r2": 0.4687911969602294, "num": 20, "model": "RidgeCV(alphas=array([ 0.1,  1. , 10. ]))"}, "people.person.height_meters": {"mae": 0.1668796908342983, "mse": 0.05607707410537286, "rmse": 0.23680598409958492, "r2": 0.02901064448961921, "num": 305, "model": "RidgeCV(alphas=array([ 0.1,  1. , 10. ]))"}, "location.geocode.latitude": {"mae": 4.943997626508909, "mse": 53.42981788613389, "rmse": 7.309570294219346, "r2": 0.7981623903936081, "num": 317, "model": "RidgeCV(alphas=array([ 0.1,  1. , 10. ]))"}, "location.geocode.longitude": {"mae": 18.59189920662713, "mse": 899.2151558251927, "rmse": 29.986916410748083, "r2": 0.8078487364928285, "num": 292, "model": "RidgeCV(alphas=array([ 0.1,  1. , 10. ]))"}, "location.location.area": {"mae": 1394155.2605091035, "mse": 4300724021697.017, "rmse": 2073818.7051179323, "r2": -4.911602259112246, "num": 204, "model": "RidgeCV(alphas=array([ 0.1,  1. , 10. ]))"}, "topic_server.population_number": {"mae": 21742334.479541667, "mse": 6114042029102790.0, "rmse": 78192339.96436474, "r2": 0.10514630051042739, "num": 199, "model": "RidgeCV(alphas=array([ 0.1,  1. , 10. ]))"}}