{"people.person.date_of_birth": {"mae": 23.612044349774706, "mse": 1725.002655142309, "rmse": 41.53315127873527, "r2": 0.5199584082214764, "num": 475}, "film.film.initial_release_date": {"mae": 4.460766921433135, "mse": 37.45950785392542, "rmse": 6.1204172941005766, "r2": 0.859131298443377, "num": 184}, "organization.organization.date_founded": {"mae": 50.09029080335734, "mse": 4516.617270400671, "rmse": 67.20578301307613, "r2": 0.5613518224032725, "num": 123}, "location.dated_location.date_founded": {"mae": 157.47393712567978, "mse": 67436.03175592607, "rmse": 259.68448501195843, "r2": -0.1339573513583474, "num": 83}, "people.deceased_person.date_of_death": {"mae": 34.928199892105035, "mse": 3650.7498607200646, "rmse": 60.421435440744574, "r2": 0.9051111158873111, "num": 115}, "people.person.weight_kg": {"mae": 7.787582806681758, "mse": 101.03805719372322, "rmse": 10.05176885894832, "r2": 0.4699068817224714, "num": 24}, "people.person.height_meters": {"mae": 0.1903808342622643, "mse": 0.08058131025950567, "rmse": 0.28386847352163935, "r2": 0.006960833410560752, "num": 257}, "location.geocode.latitude": {"mae": 5.599476174247131, "mse": 98.86144597125964, "rmse": 9.942909331340584, "r2": 0.7606311039260885, "num": 349}, "location.geocode.longitude": {"mae": 17.791265018257313, "mse": 772.7550781675072, "rmse": 27.79847258695174, "r2": 0.830255828602964, "num": 302}, "location.location.area": {"mae": 1775956.5385490267, "mse": 37321325745108.26, "rmse": 6109118.246122615, "r2": 0.2736904432790511, "num": 221}, "topic_server.population_number": {"mae": 19803909.922813196, "mse": 822594054991639.5, "rmse": 28680900.526162695, "r2": -2.726428406090634, "num": 199}}