{"micro": {"mae": 22.40988326339689, "mse": 4011.0668962560753, "r2": 0.5733996914198936, "rmse": 63.33298426772637}, "macro": {"mae": 33.548215991755384, "mse": 8704.2884680762, "r2": 0.5310388823621305, "rmse": 93.29677630055714}}