{"micro": {"mae": 25.575890208361017, "mse": 3494.1984609775795, "r2": 0.4800008593373368, "rmse": 59.11174554162294}, "macro": {"mae": 35.87058877613543, "mse": 6957.910921527626, "r2": 0.4397712923411793, "rmse": 83.41409306302877}}