{"people.person.date_of_birth": {"mae": 24.159493728352754, "mse": 1230.239009572352, "rmse": 35.07476314349609, "r2": 0.18084102439549787, "num": 425, "model": "LassoCV(alphas=[0.1, 1.0, 10.0])"}, "film.film.initial_release_date": {"mae": 8.017795371593223, "mse": 123.4775950360893, "rmse": 11.112047292739952, "r2": 0.5136915553059381, "num": 204, "model": "RidgeCV(alphas=array([ 0.1,  1. , 10. ]))"}, "organization.organization.date_founded": {"mae": 68.46043639474063, "mse": 12926.052943182262, "rmse": 113.69280075353171, "r2": 0.4007037956989338, "num": 126, "model": "LassoCV(alphas=[0.1, 1.0, 10.0])"}, "location.dated_location.date_founded": {"mae": 132.02920443899094, "mse": 64964.70951749152, "rmse": 254.88175595262115, "r2": 0.3127931740316, "num": 103, "model": "RidgeCV(alphas=array([ 0.1,  1. , 10. ]))"}, "people.deceased_person.date_of_death": {"mae": 43.94202470178494, "mse": 4463.206421133189, "rmse": 66.80723329949527, "r2": -0.13462688141772428, "num": 117, "model": "RidgeCV(alphas=array([ 0.1,  1. , 10. ]))"}, "people.person.weight_kg": {"mae": 9.305676249321623, "mse": 138.24989977615465, "rmse": 11.757971754352646, "r2": 0.294759167414542, "num": 20, "model": "RidgeCV(alphas=array([ 0.1,  1. , 10. ]))"}, "people.person.height_meters": {"mae": 0.16850867019884447, "mse": 0.05755674942078085, "rmse": 0.23990987770573527, "r2": 0.0033896754252763506, "num": 305, "model": "RidgeCV(alphas=array([ 0.1,  1. , 10. ]))"}, "location.geocode.latitude": {"mae": 6.931427674213014, "mse": 92.95562142399783, "rmse": 9.641349564454025, "r2": 0.6488488793339957, "num": 317, "model": "RidgeCV(alphas=array([ 0.1,  1. , 10. ]))"}, "location.geocode.longitude": {"mae": 29.00798292334662, "mse": 1630.1459070593467, "rmse": 40.37506541244666, "r2": 0.651657788780208, "num": 292, "model": "RidgeCV(alphas=array([ 0.1,  1. , 10. ]))"}, "location.location.area": {"mae": 1091399.8039724077, "mse": 2045428130800.829, "rmse": 1430184.6491977284, "r2": -1.8115632386294456, "num": 204, "model": "RidgeCV(alphas=array([ 0.1,  1. , 10. ]))"}, "topic_server.population_number": {"mae": 14110039.846896643, "mse": 6386330707468709.0, "rmse": 79914521.25533074, "r2": 0.06529401784618394, "num": 199, "model": "RidgeCV(alphas=array([ 0.1,  1. , 10. ]))"}}