{"people.person.date_of_birth": {"mae": 26.910998041628634, "mse": 1719.4108531780728, "rmse": 41.465779302674065, "r2": 0.5215145203282145, "num": 475}, "film.film.initial_release_date": {"mae": 7.836448932461905, "mse": 110.74655561607365, "rmse": 10.523618941033243, "r2": 0.5835310076058617, "num": 184}, "organization.organization.date_founded": {"mae": 54.16630814310149, "mse": 5033.754041948708, "rmse": 70.94895377627994, "r2": 0.5111281508306582, "num": 123}, "location.dated_location.date_founded": {"mae": 166.4508049496314, "mse": 66633.02251476624, "rmse": 258.1337299051913, "r2": -0.12045450712935168, "num": 83}, "people.deceased_person.date_of_death": {"mae": 42.198642912474995, "mse": 12260.217427319923, "rmse": 110.72586611681989, "r2": 0.6813371512591467, "num": 115}, "people.person.weight_kg": {"mae": 7.77137127247201, "mse": 112.47156512452716, "rmse": 10.605261200202811, "r2": 0.4099213273657589, "num": 24}, "people.person.height_meters": {"mae": 0.1885946525322385, "mse": 0.08030739604582568, "rmse": 0.28338559604508073, "r2": 0.010336399551069131, "num": 257}, "location.geocode.latitude": {"mae": 8.111936612784028, "mse": 182.5789346992894, "rmse": 13.512177274565687, "r2": 0.5579296093036619, "num": 349}, "location.geocode.longitude": {"mae": 23.904602617739894, "mse": 1169.8971721439373, "rmse": 34.203759620017465, "r2": 0.7430191897590326, "num": 302}, "location.location.area": {"mae": 1285339.2357376744, "mse": 47744972555490.695, "rmse": 6909773.697849351, "r2": 0.07083606597288294, "num": 221}, "topic_server.population_number": {"mae": 12845294.766793001, "mse": 363651415774174.4, "rmse": 19069646.45121074, "r2": -0.6473751024978316, "num": 199}}