{"people.person.date_of_birth": {"mae": 21.993537075414352, "mse": 1079.6575897500109, "rmse": 32.85814343127151, "r2": 0.2811061929090688, "num": 425, "model": "LassoCV(alphas=[0.1, 1.0, 10.0])"}, "film.film.initial_release_date": {"mae": 7.488562864181875, "mse": 101.80040488264599, "rmse": 10.089618668842048, "r2": 0.5990657531575998, "num": 204, "model": "RidgeCV(alphas=array([ 0.1,  1. , 10. ]))"}, "organization.organization.date_founded": {"mae": 66.29516450973136, "mse": 11123.612353335886, "rmse": 105.46853726745188, "r2": 0.48427113127470567, "num": 126, "model": "RidgeCV(alphas=array([ 0.1,  1. , 10. ]))"}, "location.dated_location.date_founded": {"mae": 127.32255474057101, "mse": 80130.55583692544, "rmse": 283.07341068515325, "r2": 0.15236648714713674, "num": 103, "model": "RidgeCV(alphas=array([ 0.1,  1. , 10. ]))"}, "people.deceased_person.date_of_death": {"mae": 36.88085105874154, "mse": 2675.3896634863722, "rmse": 51.724169045876145, "r2": 0.3198681073576607, "num": 117, "model": "RidgeCV(alphas=array([ 0.1,  1. , 10. ]))"}, "people.person.weight_kg": {"mae": 8.575384386879993, "mse": 135.4556718684384, "rmse": 11.63854251478416, "r2": 0.3090130917881726, "num": 20, "model": "RidgeCV(alphas=array([ 0.1,  1. , 10. ]))"}, "people.person.height_meters": {"mae": 0.16458438907367343, "mse": 0.05693531934755009, "rmse": 0.2386112305562127, "r2": 0.014149901345182125, "num": 305, "model": "RidgeCV(alphas=array([ 0.1,  1. , 10. ]))"}, "location.geocode.latitude": {"mae": 6.899840212358172, "mse": 102.61736972206012, "rmse": 10.13002318467535, "r2": 0.6123504547042234, "num": 317, "model": "RidgeCV(alphas=array([ 0.1,  1. , 10. ]))"}, "location.geocode.longitude": {"mae": 29.07953368093569, "mse": 1913.2213401866081, "rmse": 43.74038568858999, "r2": 0.5911680363656955, "num": 292, "model": "RidgeCV(alphas=array([ 0.1,  1. , 10. ]))"}, "location.location.area": {"mae": 998809.3216145544, "mse": 2203640987584.3696, "rmse": 1484466.5666778656, "r2": -2.0290362680225584, "num": 204, "model": "RidgeCV(alphas=array([ 0.1,  1. , 10. ]))"}, "topic_server.population_number": {"mae": 15355360.68051328, "mse": 5985237635820922.0, "rmse": 77364317.5877673, "r2": 0.12399816434946342, "num": 199, "model": "RidgeCV(alphas=array([ 0.1,  1. , 10. ]))"}}