{"people.person.date_of_birth": {"mae": 21.655275899333475, "mse": 914.2348802655811, "rmse": 30.236317240457396, "r2": 0.391253486393195, "num": 425, "model": "RidgeCV(alphas=array([ 0.1,  1. , 10. ]))"}, "film.film.initial_release_date": {"mae": 4.558697031594934, "mse": 40.83247901907159, "rmse": 6.3900296571355275, "r2": 0.8391839478330957, "num": 204, "model": "RidgeCV(alphas=array([ 0.1,  1. , 10. ]))"}, "organization.organization.date_founded": {"mae": 56.82619473074472, "mse": 8719.085865705605, "rmse": 93.37604545977307, "r2": 0.5957532367180582, "num": 126, "model": "LassoCV(alphas=[0.1, 1.0, 10.0])"}, "location.dated_location.date_founded": {"mae": 130.94448819978356, "mse": 51931.96823725972, "rmse": 227.88586669045478, "r2": 0.450655543237515, "num": 103, "model": "LassoCV(alphas=[0.1, 1.0, 10.0])"}, "people.deceased_person.date_of_death": {"mae": 40.84737736465794, "mse": 3278.3253564233096, "rmse": 57.25666211388252, "r2": 0.1665910727725608, "num": 117, "model": "RidgeCV(alphas=array([ 0.1,  1. , 10. ]))"}, "people.person.weight_kg": {"mae": 7.433389808440836, "mse": 107.17642635523414, "rmse": 10.352604810154503, "r2": 0.4532712697898369, "num": 20, "model": "LassoCV(alphas=[0.1, 1.0, 10.0])"}, "people.person.height_meters": {"mae": 0.16843053877857642, "mse": 0.05678555940735471, "rmse": 0.23829720814007602, "r2": 0.01674303428108259, "num": 305, "model": "RidgeCV(alphas=array([ 0.1,  1. , 10. ]))"}, "location.geocode.latitude": {"mae": 4.923983155754157, "mse": 51.06291298312757, "rmse": 7.145831860821214, "r2": 0.8071036603939392, "num": 317, "model": "RidgeCV(alphas=array([ 0.1,  1. , 10. ]))"}, "location.geocode.longitude": {"mae": 18.873848098105224, "mse": 861.7025765870637, "rmse": 29.354770933990675, "r2": 0.8158647151508002, "num": 292, "model": "RidgeCV(alphas=array([ 0.1,  1. , 10. ]))"}, "location.location.area": {"mae": 1386729.6278758568, "mse": 3896478013274.711, "rmse": 1973949.8507496868, "r2": -4.35594195527265, "num": 204, "model": "RidgeCV(alphas=array([ 0.1,  1. , 10. ]))"}, "topic_server.population_number": {"mae": 22977012.735577572, "mse": 6124268589206971.0, "rmse": 78257706.26083396, "r2": 0.10364953697842705, "num": 199, "model": "RidgeCV(alphas=array([ 0.1,  1. , 10. ]))"}}