{"people.person.date_of_birth": {"mae": 24.25125758875605, "mse": 1774.0061094654316, "rmse": 42.11895190369095, "r2": 0.506321503869015, "num": 475}, "film.film.initial_release_date": {"mae": 4.532790469103152, "mse": 39.00703034350308, "rmse": 6.245560850996736, "r2": 0.8533117483151007, "num": 184}, "organization.organization.date_founded": {"mae": 53.29690923736156, "mse": 4693.858326737307, "rmse": 68.51173860541934, "r2": 0.5441383943656812, "num": 123}, "location.dated_location.date_founded": {"mae": 149.24949952193379, "mse": 58869.369141636686, "rmse": 242.6301076569779, "r2": 0.010093681822834877, "num": 83}, "people.deceased_person.date_of_death": {"mae": 32.59137701898087, "mse": 2992.6223012804376, "rmse": 54.70486542603352, "r2": 0.9222169139018364, "num": 115}, "people.person.weight_kg": {"mae": 8.039086950106382, "mse": 96.81692949338584, "rmse": 9.839559415613376, "r2": 0.492052900831185, "num": 24}, "people.person.height_meters": {"mae": 0.19063352811216194, "mse": 0.08023104304135295, "rmse": 0.2832508482623714, "r2": 0.0112773314332143, "num": 257}, "location.geocode.latitude": {"mae": 5.620879734694825, "mse": 96.3860615505717, "rmse": 9.817640324974821, "r2": 0.7666246439792138, "num": 349}, "location.geocode.longitude": {"mae": 18.558576336659176, "mse": 798.4546018347221, "rmse": 28.25693900327355, "r2": 0.8246106449303641, "num": 302}, "location.location.area": {"mae": 1846203.8407033512, "mse": 35248183265030.56, "rmse": 5937018.044863142, "r2": 0.3140358266667771, "num": 221}, "topic_server.population_number": {"mae": 20819627.097585443, "mse": 886727644840771.9, "rmse": 29777972.476996683, "r2": -3.0169595976889028, "num": 199}}