{"micro": {"mae": 22.412617907573132, "mse": 3626.8829623913216, "r2": 0.5766871226677542, "rmse": 60.22360801538979}, "macro": {"mae": 32.925667820634224, "mse": 7706.7334148205655, "r2": 0.5478497514942717, "rmse": 87.78800268157697}}