{"people.person.date_of_birth": {"mae": 23.63224742105061, "mse": 1644.7799839601453, "rmse": 40.55588716771149, "r2": 0.5422831383638971, "num": 475}, "film.film.initial_release_date": {"mae": 4.738045200997192, "mse": 40.06621603507234, "rmse": 6.3297879929008944, "r2": 0.8493286176861414, "num": 184}, "organization.organization.date_founded": {"mae": 51.997505214824734, "mse": 4522.206320215187, "rmse": 67.24735177101911, "r2": 0.5608090209284384, "num": 123}, "location.dated_location.date_founded": {"mae": 148.90354841052942, "mse": 58787.2910599767, "rmse": 242.46090625083602, "r2": 0.011473849689482063, "num": 83}, "people.deceased_person.date_of_death": {"mae": 32.93751343381671, "mse": 3467.1415110181765, "rmse": 58.88243805259915, "r2": 0.9098833933869117, "num": 115}, "people.person.weight_kg": {"mae": 8.056054705320486, "mse": 97.31800235193037, "rmse": 9.864988715245971, "r2": 0.4894240371985359, "num": 24}, "people.person.height_meters": {"mae": 0.19173996925542164, "mse": 0.08079006021230162, "rmse": 0.2842359235077467, "r2": 0.004388315310737245, "num": 257}, "location.geocode.latitude": {"mae": 5.532358450220244, "mse": 91.29623234418285, "rmse": 9.554906192327733, "r2": 0.7789484248663783, "num": 349}, "location.geocode.longitude": {"mae": 18.11626504095001, "mse": 752.0741415057408, "rmse": 27.423970199548805, "r2": 0.8347986243173459, "num": 302}, "location.location.area": {"mae": 1882428.4627332636, "mse": 34815255594399.26, "rmse": 5900445.372545979, "r2": 0.32246102320711345, "num": 221}, "topic_server.population_number": {"mae": 21382843.926781263, "mse": 940499416527259.5, "rmse": 30667562.9375283, "r2": -3.2605507788339985, "num": 199}}