{"micro": {"mae": 22.115139734774544, "mse": 3600.567811813767, "r2": 0.5885280044272226, "rmse": 60.00473157854943}, "macro": {"mae": 32.67836420521831, "mse": 7711.361584163038, "r2": 0.5534819357497631, "rmse": 87.81435864460343}}