{"people.person.date_of_birth": {"mae": 20.800382942735073, "mse": 901.2135058654994, "rmse": 30.020218284774337, "r2": 0.3999238143794953, "num": 425, "model": "RidgeCV(alphas=array([ 0.1,  1. , 10. ]))"}, "film.film.initial_release_date": {"mae": 4.582272397574918, "mse": 39.397462438263005, "rmse": 6.276739793735519, "r2": 0.8448356669269057, "num": 204, "model": "RidgeCV(alphas=array([ 0.1,  1. , 10. ]))"}, "organization.organization.date_founded": {"mae": 56.21680730232494, "mse": 8565.364323871589, "rmse": 92.54925350250853, "r2": 0.6028802952985373, "num": 126, "model": "LassoCV(alphas=[0.1, 1.0, 10.0])"}, "location.dated_location.date_founded": {"mae": 136.49368035349195, "mse": 58587.50754301884, "rmse": 242.0485644308159, "r2": 0.3802522107915016, "num": 103, "model": "RidgeCV(alphas=array([ 0.1,  1. , 10. ]))"}, "people.deceased_person.date_of_death": {"mae": 39.65497437296265, "mse": 2990.7437761507254, "rmse": 54.6876930958943, "r2": 0.23969945288979, "num": 117, "model": "RidgeCV(alphas=array([ 0.1,  1. , 10. ]))"}, "people.person.weight_kg": {"mae": 7.35316013300532, "mse": 101.99129379016424, "rmse": 10.099073907550347, "r2": 0.47972168467749077, "num": 20, "model": "LassoCV(alphas=[0.1, 1.0, 10.0])"}, "people.person.height_meters": {"mae": 0.16829505401776562, "mse": 0.05660462989609854, "rmse": 0.23791727532085294, "r2": 0.01987587657590928, "num": 305, "model": "RidgeCV(alphas=array([ 0.1,  1. , 10. ]))"}, "location.geocode.latitude": {"mae": 4.977702832838768, "mse": 50.09101479190751, "rmse": 7.077500603455115, "r2": 0.810775123547991, "num": 317, "model": "RidgeCV(alphas=array([ 0.1,  1. , 10. ]))"}, "location.geocode.longitude": {"mae": 19.10072640307498, "mse": 892.6676749351578, "rmse": 29.87754466041609, "r2": 0.8092478529530651, "num": 292, "model": "RidgeCV(alphas=array([ 0.1,  1. , 10. ]))"}, "location.location.area": {"mae": 1496924.7537076243, "mse": 4555618928450.759, "rmse": 2134389.591534488, "r2": -5.261970545707637, "num": 204, "model": "RidgeCV(alphas=array([ 0.1,  1. , 10. ]))"}, "topic_server.population_number": {"mae": 23489407.24587383, "mse": 5724806825699021.0, "rmse": 75662453.20962717, "r2": 0.16211492455316256, "num": 199, "model": "RidgeCV(alphas=array([ 0.1,  1. , 10. ]))"}}