{"people.person.date_of_birth": {"mae": 22.87391581649628, "mse": 1642.1044368671464, "rmse": 40.52288781500088, "r2": 0.5430277017891028, "num": 475}, "film.film.initial_release_date": {"mae": 4.575023845923615, "mse": 37.349447864880766, "rmse": 6.111419463993677, "r2": 0.859545185561449, "num": 184}, "organization.organization.date_founded": {"mae": 49.29782024143916, "mse": 4772.6349737141545, "rmse": 69.0842599563327, "r2": 0.5364877056832396, "num": 123}, "location.dated_location.date_founded": {"mae": 147.67878374743572, "mse": 67689.34388219345, "rmse": 260.17175842545527, "r2": -0.13821687168138097, "num": 83}, "people.deceased_person.date_of_death": {"mae": 34.53256470482236, "mse": 3789.702031814508, "rmse": 61.56055581144884, "r2": 0.901499524580536, "num": 115}, "people.person.weight_kg": {"mae": 7.7707393770062465, "mse": 101.03591471275435, "rmse": 10.051662286047733, "r2": 0.469918122184226, "num": 24}, "people.person.height_meters": {"mae": 0.19110167398569053, "mse": 0.08080227385852515, "rmse": 0.284257407746087, "r2": 0.004237801140295483, "num": 257}, "location.geocode.latitude": {"mae": 5.480766282896193, "mse": 91.08859154217379, "rmse": 9.544034343094841, "r2": 0.7794511764604756, "num": 349}, "location.geocode.longitude": {"mae": 17.793742860183315, "mse": 755.3311085668487, "rmse": 27.483287804897884, "r2": 0.8340831955991468, "num": 302}, "location.location.area": {"mae": 1766375.9613009638, "mse": 36530961573036.35, "rmse": 6044084.84164777, "r2": 0.28907170426067386, "num": 221}, "topic_server.population_number": {"mae": 20478884.8521535, "mse": 883104982129587.6, "rmse": 29717082.328680716, "r2": -3.0005485950190867, "num": 199}}