{"people.person.date_of_birth": {"mae": 20.915848350193208, "mse": 833.7560232040537, "rmse": 28.87483373465644, "r2": 0.4448406166950202, "num": 425, "model": "RidgeCV(alphas=array([ 0.1,  1. , 10. ]))"}, "film.film.initial_release_date": {"mae": 4.698348693085105, "mse": 40.16440815415377, "rmse": 6.337539597837142, "r2": 0.8418151013080937, "num": 204, "model": "RidgeCV(alphas=array([ 0.1,  1. , 10. ]))"}, "organization.organization.date_founded": {"mae": 54.33608978942357, "mse": 7971.708628297416, "rmse": 89.28442545202056, "r2": 0.6304042120411932, "num": 126, "model": "RidgeCV(alphas=array([ 0.1,  1. , 10. ]))"}, "location.dated_location.date_founded": {"mae": 124.83500925710649, "mse": 62807.165692750394, "rmse": 250.61357842852487, "r2": 0.3356160089938478, "num": 103, "model": "RidgeCV(alphas=array([ 0.1,  1. , 10. ]))"}, "people.deceased_person.date_of_death": {"mae": 37.71644480638271, "mse": 2963.428333461194, "rmse": 54.4373799283286, "r2": 0.24664352686463842, "num": 117, "model": "RidgeCV(alphas=array([ 0.1,  1. , 10. ]))"}, "people.person.weight_kg": {"mae": 7.541551050963363, "mse": 105.28004859911736, "rmse": 10.260606638942814, "r2": 0.4629450780876061, "num": 20, "model": "RidgeCV(alphas=array([ 0.1,  1. , 10. ]))"}, "people.person.height_meters": {"mae": 0.16639064043917529, "mse": 0.0560378885704217, "rmse": 0.2367232320040044, "r2": 0.02968915238138381, "num": 305, "model": "RidgeCV(alphas=array([ 0.1,  1. , 10. ]))"}, "location.geocode.latitude": {"mae": 5.063751409803324, "mse": 53.65253245273196, "rmse": 7.32478890158153, "r2": 0.7973210591384188, "num": 317, "model": "RidgeCV(alphas=array([ 0.1,  1. , 10. ]))"}, "location.geocode.longitude": {"mae": 18.72310320154248, "mse": 916.1898456964274, "rmse": 30.268628077539745, "r2": 0.8042214532055413, "num": 292, "model": "RidgeCV(alphas=array([ 0.1,  1. , 10. ]))"}, "location.location.area": {"mae": 1488956.1566513686, "mse": 4925473385688.475, "rmse": 2219340.7547486876, "r2": -5.7703576065650015, "num": 204, "model": "RidgeCV(alphas=array([ 0.1,  1. , 10. ]))"}, "topic_server.population_number": {"mae": 22079867.81134684, "mse": 5727519472689357.0, "rmse": 75680377.06492586, "r2": 0.1617179004268715, "num": 199, "model": "RidgeCV(alphas=array([ 0.1,  1. , 10. ]))"}}