{"micro": {"mae": 21.716129149604104, "mse": 4022.1144481901115, "r2": 0.5808429083423124, "rmse": 63.42014229083779}, "macro": {"mae": 32.24382872779873, "mse": 8764.296798838865, "r2": 0.5322259490352322, "rmse": 93.61782308320817}}