{"people.person.date_of_birth": {"mae": 25.240508407233058, "mse": 1450.4454800246235, "rmse": 38.084714519405594, "r2": 0.5963634288078568, "num": 475}, "film.film.initial_release_date": {"mae": 7.4156066206315, "mse": 109.41691740322382, "rmse": 10.460254174886183, "r2": 0.5885311909855961, "num": 184}, "organization.organization.date_founded": {"mae": 55.71177289178088, "mse": 5539.854140715276, "rmse": 74.43019643071807, "r2": 0.4619763470104985, "num": 123}, "location.dated_location.date_founded": {"mae": 154.01343586399727, "mse": 51600.38041523386, "rmse": 227.15717117281125, "r2": 0.13232393453222702, "num": 83}, "people.deceased_person.date_of_death": {"mae": 39.09093811461115, "mse": 7705.204203417891, "rmse": 87.77929256617355, "r2": 0.7997293003858348, "num": 115}, "people.person.weight_kg": {"mae": 8.23130243094285, "mse": 124.20774535073274, "rmse": 11.14485286357486, "r2": 0.34834781194425635, "num": 24}, "people.person.height_meters": {"mae": 0.18823732599335802, "mse": 0.0798845266097094, "rmse": 0.2826385087168934, "r2": 0.015547606852920004, "num": 257}, "location.geocode.latitude": {"mae": 7.354976299990521, "mse": 148.93362633083007, "rmse": 12.203836541466378, "r2": 0.6393935231995374, "num": 349}, "location.geocode.longitude": {"mae": 21.71089173337288, "mse": 979.9762135702434, "rmse": 31.304571767878304, "r2": 0.7847374219063654, "num": 302}, "location.location.area": {"mae": 1556567.9103475048, "mse": 42626173767029.24, "rmse": 6528872.319706462, "r2": 0.17045290446309846, "num": 221}, "topic_server.population_number": {"mae": 15570029.017796712, "mse": 439091793106310.44, "rmse": 20954517.248228613, "r2": -0.9891271044127068, "num": 199}}