{"people.person.date_of_birth": {"mae": 21.84994860626721, "mse": 1079.2312822523174, "rmse": 32.851655700319235, "r2": 0.28139005125723193, "num": 425, "model": "LassoCV(alphas=[0.1, 1.0, 10.0])"}, "film.film.initial_release_date": {"mae": 7.0604111229889455, "mse": 89.14241168867457, "rmse": 9.441525919504462, "r2": 0.6489184327575638, "num": 204, "model": "RidgeCV(alphas=array([ 0.1,  1. , 10. ]))"}, "organization.organization.date_founded": {"mae": 64.02815216236115, "mse": 11377.966256261614, "rmse": 106.66755015590081, "r2": 0.4724784108485566, "num": 126, "model": "LassoCV(alphas=[0.1, 1.0, 10.0])"}, "location.dated_location.date_founded": {"mae": 125.65488777063923, "mse": 65490.15546330775, "rmse": 255.91044422474778, "r2": 0.30723492489411863, "num": 103, "model": "RidgeCV(alphas=array([ 0.1,  1. , 10. ]))"}, "people.deceased_person.date_of_death": {"mae": 39.33872199776592, "mse": 3126.8472624053175, "rmse": 55.91821941375921, "r2": 0.20509951293901363, "num": 117, "model": "RidgeCV(alphas=array([ 0.1,  1. , 10. ]))"}, "people.person.weight_kg": {"mae": 9.066375691954994, "mse": 132.5579073320328, "rmse": 11.513379492226981, "r2": 0.32379517754447484, "num": 20, "model": "RidgeCV(alphas=array([ 0.1,  1. , 10. ]))"}, "people.person.height_meters": {"mae": 0.16614968560119703, "mse": 0.05720558269918501, "rmse": 0.23917688579623453, "r2": 0.009470219999308749, "num": 305, "model": "RidgeCV(alphas=array([ 0.1,  1. , 10. ]))"}, "location.geocode.latitude": {"mae": 6.082833984801826, "mse": 68.70053375171288, "rmse": 8.288578512128174, "r2": 0.7404754113016063, "num": 317, "model": "RidgeCV(alphas=array([ 0.1,  1. , 10. ]))"}, "location.geocode.longitude": {"mae": 26.160780926011654, "mse": 1535.330661548933, "rmse": 39.18329569534616, "r2": 0.6719186452688306, "num": 292, "model": "RidgeCV(alphas=array([ 0.1,  1. , 10. ]))"}, "location.location.area": {"mae": 1368993.310515862, "mse": 3079880638479.4043, "rmse": 1754958.870879715, "r2": -3.233480048563224, "num": 204, "model": "RidgeCV(alphas=array([ 0.1,  1. , 10. ]))"}, "topic_server.population_number": {"mae": 18285030.878176894, "mse": 5963385840169688.0, "rmse": 77222961.87125748, "r2": 0.12719640212504935, "num": 199, "model": "RidgeCV(alphas=array([ 0.1,  1. , 10. ]))"}}