{"micro": {"mae": 24.505407175999597, "mse": 3614.2042893717394, "r2": 0.5354771642668108, "rmse": 60.11825254755613}, "macro": {"mae": 35.439741076505946, "mse": 7517.610958508147, "r2": 0.48521672951389916, "rmse": 86.7041576771734}}