{"people.person.date_of_birth": {"mae": 23.765825685860097, "mse": 1209.5759444321739, "rmse": 34.77895835749216, "r2": 0.19459959906381474, "num": 425, "model": "LassoCV(alphas=[0.1, 1.0, 10.0])"}, "film.film.initial_release_date": {"mae": 4.680316952174364, "mse": 37.644374920936755, "rmse": 6.135501195577811, "r2": 0.8517400876334665, "num": 204, "model": "RidgeCV(alphas=array([ 0.1,  1. , 10. ]))"}, "organization.organization.date_founded": {"mae": 55.425051441695835, "mse": 9353.340469716162, "rmse": 96.71266964424134, "r2": 0.5663470151580199, "num": 126, "model": "LassoCV(alphas=[0.1, 1.0, 10.0])"}, "location.dated_location.date_founded": {"mae": 122.60679302748706, "mse": 60686.47710464388, "rmse": 246.34625449688468, "r2": 0.35804898351684933, "num": 103, "model": "RidgeCV(alphas=array([ 0.1,  1. , 10. ]))"}, "people.deceased_person.date_of_death": {"mae": 43.51795058838154, "mse": 4114.818897895771, "rmse": 64.14685415432133, "r2": -0.04606054329273257, "num": 117, "model": "RidgeCV(alphas=array([ 0.1,  1. , 10. ]))"}, "people.person.weight_kg": {"mae": 8.859116246999527, "mse": 134.48051934087331, "rmse": 11.596573603477594, "r2": 0.3139875429924869, "num": 20, "model": "RidgeCV(alphas=array([ 0.1,  1. , 10. ]))"}, "people.person.height_meters": {"mae": 0.16558508608219127, "mse": 0.05677356973765725, "rmse": 0.23827204984566958, "r2": 0.016950638579952604, "num": 305, "model": "RidgeCV(alphas=array([ 0.1,  1. , 10. ]))"}, "location.geocode.latitude": {"mae": 4.745287047040528, "mse": 45.799547659368564, "rmse": 6.767536306468445, "r2": 0.8269866605137729, "num": 317, "model": "RidgeCV(alphas=array([ 0.1,  1. , 10. ]))"}, "location.geocode.longitude": {"mae": 18.125152594206398, "mse": 767.5916789337157, "rmse": 27.705444932967882, "r2": 0.8359750611305563, "num": 292, "model": "RidgeCV(alphas=array([ 0.1,  1. , 10. ]))"}, "location.location.area": {"mae": 1123714.8470626033, "mse": 2822730549359.0234, "rmse": 1680098.374905179, "r2": -2.880011878993227, "num": 204, "model": "RidgeCV(alphas=array([ 0.1,  1. , 10. ]))"}, "topic_server.population_number": {"mae": 18673490.078190085, "mse": 6010723575360545.0, "rmse": 77528856.40431274, "r2": 0.1202680317835696, "num": 199, "model": "RidgeCV(alphas=array([ 0.1,  1. , 10. ]))"}}