{"micro": {"mae": 22.55952949780257, "mse": 3114.4838430446007, "r2": 0.6071683700995709, "rmse": 55.807560805365796}, "macro": {"mae": 33.32086568319113, "mse": 6488.067667543569, "r2": 0.5646916415344525, "rmse": 80.54854230551642}}