{"people.person.date_of_birth": {"mae": 25.0355674123984, "mse": 1525.4089612037233, "rmse": 39.05648424018377, "r2": 0.5755022500014358, "num": 475}, "film.film.initial_release_date": {"mae": 4.962169507672809, "mse": 47.72275215348027, "rmse": 6.908165614219181, "r2": 0.8205357593915952, "num": 184}, "organization.organization.date_founded": {"mae": 46.908185451200126, "mse": 4557.641007845091, "rmse": 67.51030297550953, "r2": 0.5573676487195447, "num": 123}, "location.dated_location.date_founded": {"mae": 144.98869103753327, "mse": 46150.13309852397, "rmse": 214.82582037204924, "r2": 0.22397149816516837, "num": 83}, "people.deceased_person.date_of_death": {"mae": 46.85865031317835, "mse": 5272.135093089517, "rmse": 72.60946972048148, "r2": 0.8629686954844011, "num": 115}, "people.person.weight_kg": {"mae": 9.071706341303873, "mse": 120.06227051534108, "rmse": 10.957293028633536, "r2": 0.3700969205798319, "num": 24}, "people.person.height_meters": {"mae": 0.18809173606455873, "mse": 0.07964637515287529, "rmse": 0.2822168938119674, "r2": 0.018482452705574914, "num": 257}, "location.geocode.latitude": {"mae": 5.6201052127624065, "mse": 85.69720558785917, "rmse": 9.257278519514209, "r2": 0.7925051035147881, "num": 349}, "location.geocode.longitude": {"mae": 16.254624136606374, "mse": 633.728972597984, "rmse": 25.17397411212588, "r2": 0.8607944452477325, "num": 302}, "location.location.area": {"mae": 1538666.936818417, "mse": 31598771812601.695, "rmse": 5621278.4855939755, "r2": 0.38505694827453196, "num": 221}, "topic_server.population_number": {"mae": 15673883.830414185, "mse": 547992983812623.2, "rmse": 23409249.962624244, "r2": -1.4824597367634498, "num": 199}}