{"micro": {"mae": 28.696326726902004, "mse": 5384.984904459207, "r2": 0.29474352155716216, "rmse": 73.38245638065823}, "macro": {"mae": 40.916878298200395, "mse": 10382.931890665779, "r2": 0.24809653067850299, "rmse": 101.89667261822527}}