{"wasBornOnDate": {"mae": 24.134138094173004, "mse": 1905.2022351726857, "rmse": 43.64862237428217, "r2": 0.22436842414993163, "num": 837}, "wasCreatedOnDate": {"mae": 76.01827383263559, "mse": 19190.48284337534, "rmse": 138.52971826786964, "r2": 0.21354848635569723, "num": 651}, "wasDestroyedOnDate": {"mae": 37.25727924682733, "mse": 2447.4118554090205, "rmse": 49.4713235663755, "r2": 0.16659312371425938, "num": 58}, "diedOnDate": {"mae": 58.06590800870352, "mse": 25539.788520048085, "rmse": 159.81172835573767, "r2": 0.1310923914451092, "num": 169}, "happenedOnDate": {"mae": 39.152696933451075, "mse": 4197.157414049479, "rmse": 64.78547224532271, "r2": 0.27245419218237343, "num": 36}, "hasLatitude": {"mae": 8.977291827551232, "mse": 163.92997396838896, "rmse": 12.803514125754264, "r2": 0.22037358656326989, "num": 309}, "hasLongitude": {"mae": 31.632163201329362, "mse": 1896.6571362894151, "rmse": 43.55062727779492, "r2": 0.6279738437932836, "num": 294}}