{"wasBornOnDate": {"mae": 23.442645236691785, "mse": 1455.7667310930117, "rmse": 38.15451128101383, "r2": 0.13701593926288025, "num": 826, "model": "LassoCV(alphas=[0.1, 1.0, 10.0])"}, "wasCreatedOnDate": {"mae": 71.04008898307382, "mse": 14812.457394595802, "rmse": 121.70643941302285, "r2": 0.2515502918157594, "num": 693, "model": "LassoCV(alphas=[0.1, 1.0, 10.0])"}, "wasDestroyedOnDate": {"mae": 42.339211426533076, "mse": 6652.690276661422, "rmse": 81.56402562810042, "r2": 0.17982886731536207, "num": 55, "model": "LassoCV(alphas=[0.1, 1.0, 10.0])"}, "diedOnDate": {"mae": 48.23820251433678, "mse": 9782.775788196626, "rmse": 98.90791570039592, "r2": 0.12473391969064873, "num": 163, "model": "LassoCV(alphas=[0.1, 1.0, 10.0])"}, "happenedOnDate": {"mae": 102.81235259629493, "mse": 85038.27438197623, "rmse": 291.61322737827965, "r2": 0.08185454828767724, "num": 41, "model": "LassoCV(alphas=[0.1, 1.0, 10.0])"}, "hasLatitude": {"mae": 9.927519214562697, "mse": 217.96139672452082, "rmse": 14.763515730493223, "r2": 0.3580413959123684, "num": 279, "model": "LassoCV(alphas=[0.1, 1.0, 10.0])"}, "hasLongitude": {"mae": 32.204376167860964, "mse": 1852.4964124535552, "rmse": 43.040636757064306, "r2": 0.6027679983007341, "num": 296, "model": "LassoCV(alphas=[0.1, 1.0, 10.0])"}}