{"micro": {"mae": 40.41867746183681, "mse": 8201.020380760336, "r2": 0.263874915124275, "rmse": 90.55948531633965}, "macro": {"mae": 39.319678734953015, "mse": 7905.804282616059, "r2": 0.26520057831484634, "rmse": 88.91458981863471}}