{"micro": {"mae": 1454.5917836331962, "mse": 2804177.0092716147, "r2": -646.5540421953265, "rmse": 1674.5677081777299}, "macro": {"mae": 1408.1343920887991, "mse": 2728482.6066475958, "r2": -548.2577749040565, "rmse": 1651.8119162445814}}