{"people.person.date_of_birth": {"mae": 19.607543848421052, "mse": 1848.1040533534501, "rmse": 42.98958075340408, "r2": 0.4857011907202299, "num": 475}, "film.film.initial_release_date": {"mae": 15.37182989673911, "mse": 477.4971004205912, "rmse": 21.851707036764683, "r2": -0.7956561734767262, "num": 184}, "organization.organization.date_founded": {"mae": 44.514227650406504, "mse": 6852.634320903793, "rmse": 82.78063977104667, "r2": 0.3344807902364988, "num": 123}, "location.dated_location.date_founded": {"mae": 101.7740963614458, "mse": 56156.91976357697, "rmse": 236.97451289870176, "r2": 0.05570434176751504, "num": 83}, "people.deceased_person.date_of_death": {"mae": 42.80652194208694, "mse": 31484.047300711372, "rmse": 177.43744616261634, "r2": 0.18167877020027523, "num": 115}, "people.person.weight_kg": {"mae": 16.243333333333336, "mse": 372.67440000000005, "rmse": 19.304776610984135, "r2": -0.9552249942755184, "num": 24}, "people.person.height_meters": {"mae": 0.12634241245136185, "mse": 0.09710856031128405, "rmse": 0.31162246438805413, "r2": -0.196711787009473, "num": 257}, "location.geocode.latitude": {"mae": 6.746854246217765, "mse": 299.0965372152209, "rmse": 17.294407686163204, "r2": 0.2758106334642275, "num": 349}, "location.geocode.longitude": {"mae": 106.80245488400661, "mse": 19237.48920849542, "rmse": 138.69927616428075, "r2": -3.2257265694055217, "num": 302}, "location.location.area": {"mae": 576875.4527076463, "mse": 51717634582927.02, "rmse": 7191497.381138856, "r2": -0.00647582846129624, "num": 221}, "topic_server.population_number": {"mae": 4428337.376884422, "mse": 240356006499394.4, "rmse": 15503419.18737265, "r2": -0.08883530674550233, "num": 199}}