{"micro": {"mae": 34.52853219573221, "mse": 8375.18214864219, "r2": -0.41863329298864166, "rmse": 91.51602126754742}, "macro": {"mae": 39.33257828612316, "mse": 12969.839977026348, "r2": -0.4266604219753881, "rmse": 113.8852052596225}}