{"people.person.date_of_birth": {"mae": 17.81771931368421, "mse": 1177.6777374460817, "rmse": 34.31730958927407, "r2": 0.6722704779610277, "num": 475}, "film.film.initial_release_date": {"mae": 14.351902331521721, "mse": 437.279708474939, "rmse": 20.91123402563653, "r2": -0.6444162851826751, "num": 184}, "organization.organization.date_founded": {"mae": 39.53319781300813, "mse": 6607.4405517168025, "rmse": 81.28616457747778, "r2": 0.3582937001141615, "num": 123}, "location.dated_location.date_founded": {"mae": 100.10742961445786, "mse": 49469.65670157698, "rmse": 222.41775266731068, "r2": 0.1681527007852539, "num": 83}, "people.deceased_person.date_of_death": {"mae": 22.815217576869543, "mse": 1906.561787293622, "rmse": 43.66419342314274, "r2": 0.9504453804313772, "num": 115}, "people.person.weight_kg": {"mae": 11.339999999999998, "mse": 192.8744, "rmse": 13.887922810845401, "r2": -0.011909719679951358, "num": 24}, "people.person.height_meters": {"mae": 0.12634241245136185, "mse": 0.09710856031128405, "rmse": 0.31162246438805413, "r2": -0.196711787009473, "num": 257}, "location.geocode.latitude": {"mae": 5.972795220429799, "mse": 284.7944695934443, "rmse": 16.875854632979163, "r2": 0.3104396043898029, "num": 349}, "location.geocode.longitude": {"mae": 106.76383649327816, "mse": 19768.774180296346, "rmse": 140.6014728951882, "r2": -3.34242917008969, "num": 302}, "location.location.area": {"mae": 576860.3588876836, "mse": 51717629981480.81, "rmse": 7191497.06121617, "r2": -0.006475738912645745, "num": 221}, "topic_server.population_number": {"mae": 4427415.085427135, "mse": 240342174444157.88, "rmse": 15502973.084029974, "r2": -0.0887726462348466, "num": 199}}