{"micro": {"mae": 32.181606101589956, "mse": 6198.757691482589, "r2": -0.3053488762458662, "rmse": 78.73218967793662}, "macro": {"mae": 35.425382308411194, "mse": 8871.684071662057, "r2": -0.19287389980890735, "rmse": 94.18961764261525}}