{"people.person.date_of_birth": {"mae": 1937.7545610736843, "mse": 3758486.183123135, "rmse": 1938.6815579468266, "r2": -1044.9286451794892, "num": 475}, "film.film.initial_release_date": {"mae": 1994.0701990163045, "mse": 3976581.876494703, "rmse": 1994.1368750651754, "r2": -14953.172055859155, "num": 184}, "organization.organization.date_founded": {"mae": 1895.0711380894309, "mse": 3601591.2923853593, "rmse": 1897.785892134663, "r2": -348.7820076999645, "num": 123}, "location.dated_location.date_founded": {"mae": 1774.5431725301205, "mse": 3208473.1079062037, "rmse": 1791.2211220020279, "r2": -52.95144958282756, "num": 83}, "people.deceased_person.date_of_death": {"mae": 1954.319564892696, "mse": 3857838.9083269592, "rmse": 1964.1382100878134, "r2": -99.27146286748255, "num": 115}, "people.person.weight_kg": {"mae": 75.49333333333334, "mse": 5889.847733333333, "rmse": 76.7453433983674, "r2": -29.90090840876202, "num": 24}, "people.person.height_meters": {"mae": 0.12634241245136185, "mse": 0.09710856031128405, "rmse": 0.31162246438805413, "r2": -0.196711787009473, "num": 257}, "location.geocode.latitude": {"mae": 39.553517283467045, "mse": 1694.4341393768257, "rmse": 41.163504945240334, "r2": -3.1026592867202343, "num": 349}, "location.geocode.longitude": {"mae": 65.29849874493378, "mse": 6161.426979897407, "rmse": 78.49475765869596, "r2": -0.35342535671997033, "num": 302}, "location.location.area": {"mae": 576916.1010576067, "mse": 51717707124480.96, "rmse": 7191502.424701042, "r2": -0.006477240190993161, "num": 221}, "topic_server.population_number": {"mae": 4428380.603015075, "mse": 240356525262582.44, "rmse": 15503435.91796936, "r2": -0.0888376567915159, "num": 199}}