{"micro": {"mae": 1008.2837607476778, "mse": 1920771.9473853558, "r2": -1730.3315269406064, "rmse": 1385.9191705815156}, "macro": {"mae": 1081.8033697084913, "mse": 2046301.9082441702, "r2": -1836.9621473364589, "rmse": 1430.4900937245843}}