{"people.person.date_of_birth": {"mae": 1291.586491103158, "mse": 2468167.647041223, "rmse": 1571.0403072617912, "r2": -685.852928909942, "num": 475}, "film.film.initial_release_date": {"mae": 1757.883604853261, "mse": 3501331.215379051, "rmse": 1871.1844418386581, "r2": -13165.963750657864, "num": 184}, "organization.organization.date_founded": {"mae": 699.9369918617886, "mse": 1232359.140953245, "rmse": 1110.1167240219584, "r2": -118.68516678763334, "num": 123}, "location.dated_location.date_founded": {"mae": 1435.284136433735, "mse": 2518700.7606445886, "rmse": 1587.0415119474942, "r2": -41.35271810983759, "num": 83}, "people.deceased_person.date_of_death": {"mae": 1916.3630431709569, "mse": 3773011.937350123, "rmse": 1942.4242423708893, "r2": -97.06667291316238, "num": 115}, "people.person.weight_kg": {"mae": 21.298333333333332, "mse": 987.4927333333334, "rmse": 31.424397103736666, "r2": -4.1808508281727494, "num": 24}, "people.person.height_meters": {"mae": 1.2355252918287936, "mse": 3.802400389105058, "rmse": 1.9499744585776138, "r2": -45.8586636439164, "num": 257}, "location.geocode.latitude": {"mae": 37.784845077163325, "mse": 1566.4817181975134, "rmse": 39.57880390054143, "r2": -2.792853684477879, "num": 349}, "location.geocode.longitude": {"mae": 65.35479013566226, "mse": 6162.350250758334, "rmse": 78.50063853726499, "r2": -0.35362816334226355, "num": 302}, "location.location.area": {"mae": 576914.9924603218, "mse": 51717707712659.36, "rmse": 7191502.465595027, "r2": -0.006477251637520887, "num": 221}, "topic_server.population_number": {"mae": 4428380.8040201, "mse": 240356528960704.8, "rmse": 15503436.037237192, "r2": -0.08883767354435812, "num": 199}}