{"micro": {"mae": 730.2873940416109, "mse": 1366938.1250932117, "r2": -1459.455129954944, "rmse": 1169.1612913080949}, "macro": {"mae": 802.9697512512098, "mse": 1500254.5364967678, "r2": -1573.5674704109274, "rmse": 1224.8487810733077}}