{"people.person.date_of_birth": {"mae": 134.28859674526313, "mse": 136707.14087078502, "rmse": 369.7392877025446, "r2": -37.04348550738234, "num": 475}, "film.film.initial_release_date": {"mae": 40.84646763586954, "mse": 43993.92462473581, "rmse": 209.74728752652751, "r2": -164.44176347519863, "num": 184}, "organization.organization.date_founded": {"mae": 110.80962070731707, "mse": 46185.863332042, "rmse": 214.90896522025784, "r2": -3.4855128447787482, "num": 123}, "location.dated_location.date_founded": {"mae": 213.35441759036146, "mse": 136515.54818940832, "rmse": 369.48010526875237, "r2": -1.2955503966244377, "num": 83}, "people.deceased_person.date_of_death": {"mae": 528.9833334029565, "mse": 946928.3527539907, "rmse": 973.1024369273723, "r2": -23.612196988421015, "num": 115}, "people.person.weight_kg": {"mae": 41.67333333333333, "mse": 2261.2344, "rmse": 47.55243842328172, "r2": -10.863498047613694, "num": 24}, "people.person.height_meters": {"mae": 5.430077821011673, "mse": 53.69804241245136, "rmse": 7.327894814505142, "r2": -660.7447533803874, "num": 257}, "location.geocode.latitude": {"mae": 770.9524987623784, "mse": 1425452.3488379521, "rmse": 1193.923091676324, "r2": -3450.3854394411637, "num": 349}, "location.geocode.longitude": {"mae": 539.1981881489073, "mse": 779662.6626171493, "rmse": 882.985086293732, "r2": -170.26149846726375, "num": 302}, "location.location.area": {"mae": 576735.3902813487, "mse": 51717434547520.164, "rmse": 7191483.473353753, "r2": -0.006471935576336074, "num": 221}, "topic_server.population_number": {"mae": 4427823.899497488, "mse": 240346565700947.53, "rmse": 15503114.709662298, "r2": -0.08879253904095208, "num": 199}}