{"micro": {"mae": 312.64115153576364, "mse": 487420.63293837325, "r2": -772.3745857666952, "rmse": 698.1551639416365}, "macro": {"mae": 265.05961490526647, "mse": 390862.30818538624, "r2": -502.45929983875925, "rmse": 625.1898177236944}}