{"people.person.date_of_birth": {"mae": 13.752440241691653, "mse": 1352.4571527124606, "rmse": 36.775768553661266, "r2": 0.6236320666145417, "num": 475}, "film.film.initial_release_date": {"mae": 5.5087358479624, "mse": 80.47286067106529, "rmse": 8.970666679297882, "r2": 0.6973770334227155, "num": 184}, "organization.organization.date_founded": {"mae": 73.76792672003279, "mse": 41780.88361683509, "rmse": 204.40372701307354, "r2": -3.057706765860166, "num": 123}, "location.dated_location.date_founded": {"mae": 152.424473698199, "mse": 82467.42434452006, "rmse": 287.1714197905496, "r2": -0.38671478211407484, "num": 83}, "people.deceased_person.date_of_death": {"mae": 14.155917216777262, "mse": 348.4039905539315, "rmse": 18.66558304886112, "r2": 0.9909444176825772, "num": 115}, "people.person.weight_kg": {"mae": 11.100048869027829, "mse": 180.25985201640495, "rmse": 13.426088485348401, "r2": 0.054272125676244065, "num": 24}, "people.person.height_meters": {"mae": 0.4835800097902535, "mse": 4.493306371664176, "rmse": 2.1197420530961253, "r2": -54.373003990364545, "num": 257}, "location.geocode.latitude": {"mae": 2.270686526168528, "mse": 74.2969429002229, "rmse": 8.619567442756214, "r2": 0.8201080610447176, "num": 349}, "location.geocode.longitude": {"mae": 4.888963965783304, "mse": 397.2622568742815, "rmse": 19.931438906267694, "r2": 0.9127369660509379, "num": 302}, "location.location.area": {"mae": 3008581.987955557, "mse": 83919744775566.38, "rmse": 9160772.062199036, "r2": -0.6331604360562078, "num": 221}, "topic_server.population_number": {"mae": 10478370.91780834, "mse": 664492792975491.8, "rmse": 25777757.718147088, "r2": -2.0102148251138794, "num": 199}}