{"micro": {"mae": 17.551386634385302, "mse": 6711.568707696444, "r2": -6.945810283863261, "rmse": 81.92416436983927}, "macro": {"mae": 30.928085899492558, "mse": 14076.217147050575, "r2": -5.96870609642745, "rmse": 118.64323472937922}}