{"wasBornOnDate": {"mae": 22.396767886493436, "mse": 1401.3683844823265, "rmse": 37.434855208512914, "r2": 0.1692634862446878, "num": 826, "model": "RidgeCV(alphas=array([ 0.1,  1. , 10. ]))"}, "wasCreatedOnDate": {"mae": 68.48186740632751, "mse": 14365.942883764783, "rmse": 119.85801134577856, "r2": 0.2741119536945935, "num": 693, "model": "LassoCV(alphas=[0.1, 1.0, 10.0])"}, "wasDestroyedOnDate": {"mae": 49.84851965563239, "mse": 7627.583692539143, "rmse": 87.33603891028687, "r2": 0.05963998073029675, "num": 55, "model": "LassoCV(alphas=[0.1, 1.0, 10.0])"}, "diedOnDate": {"mae": 45.962229915246716, "mse": 10086.768539103085, "rmse": 100.4329056589676, "r2": 0.09753565313634571, "num": 163, "model": "RidgeCV(alphas=array([ 0.1,  1. , 10. ]))"}, "happenedOnDate": {"mae": 96.2557402286863, "mse": 91536.92212399353, "rmse": 302.55069347795836, "r2": 0.011689626551231624, "num": 41, "model": "RidgeCV(alphas=array([ 0.1,  1. , 10. ]))"}, "hasLatitude": {"mae": 7.753365588396303, "mse": 165.33700493940097, "rmse": 12.858343786794665, "r2": 0.5130352691349453, "num": 279, "model": "RidgeCV(alphas=array([ 0.1,  1. , 10. ]))"}, "hasLongitude": {"mae": 22.538022857442407, "mse": 1002.9543485133338, "rmse": 31.66945450293285, "r2": 0.7849358515381614, "num": 296, "model": "RidgeCV(alphas=array([ 0.1,  1. , 10. ]))"}}