{"wasBornOnDate": {"mae": 24.119249187584774, "mse": 1993.8510331264686, "rmse": 44.65255908821429, "r2": 0.18827839360896148, "num": 837}, "wasCreatedOnDate": {"mae": 72.36781299628703, "mse": 18533.00169029863, "rmse": 136.13596765843562, "r2": 0.24049293857453635, "num": 651}, "wasDestroyedOnDate": {"mae": 43.10817325668169, "mse": 3306.893688116702, "rmse": 57.50559701556625, "r2": -0.12608261365220108, "num": 58}, "diedOnDate": {"mae": 54.86833470163042, "mse": 26315.956107456004, "rmse": 162.22193472972762, "r2": 0.10468583284408428, "num": 169}, "happenedOnDate": {"mae": 36.23043677569887, "mse": 2725.9929317982674, "rmse": 52.21104224010729, "r2": 0.5274695385425612, "num": 36}, "hasLatitude": {"mae": 6.956793917153544, "mse": 111.93800015239248, "rmse": 10.580075621298388, "r2": 0.467639630059855, "num": 309}, "hasLongitude": {"mae": 23.19495716237334, "mse": 1327.1274951403768, "rmse": 36.42976111835455, "r2": 0.7396861396998518, "num": 294}}