{"micro": {"mae": 32.67118165971685, "mse": 6579.701449644112, "r2": 0.525006521250708, "rmse": 81.11535890103742}, "macro": {"mae": 32.59092423695815, "mse": 6180.830934968141, "r2": 0.4964723525728007, "rmse": 78.61826082385785}}