{"wasBornOnDate": {"mae": 18.027263240866215, "mse": 1042.6138185282437, "rmse": 32.28953109799279, "r2": 0.5755389196282249, "num": 837}, "wasCreatedOnDate": {"mae": 65.81478217098388, "mse": 16470.466993865284, "rmse": 128.33731723027907, "r2": 0.3250183539688578, "num": 651}, "wasDestroyedOnDate": {"mae": 30.920943242931198, "mse": 2391.8494065190716, "rmse": 48.90653746196997, "r2": 0.18551357098831234, "num": 58}, "diedOnDate": {"mae": 48.02165659917091, "mse": 19445.34981539248, "rmse": 139.4465840936682, "r2": 0.33843569642940197, "num": 169}, "happenedOnDate": {"mae": 39.5999758425701, "mse": 2648.365824184933, "rmse": 51.46227573849541, "r2": 0.5409256163460856, "num": 36}, "hasLatitude": {"mae": 4.533454672879405, "mse": 52.97983528885003, "rmse": 7.278724839479099, "r2": 0.7480358352360886, "num": 309}, "hasLongitude": {"mae": 21.21839388930537, "mse": 1214.1908509981276, "rmse": 34.84524143980247, "r2": 0.7618384754126336, "num": 294}}