{"wasBornOnDate": {"mae": 17.41375692282766, "mse": 1113.9031351305848, "rmse": 33.37518741716045, "r2": 0.33967398052773423, "num": 826, "model": "RidgeCV(alphas=array([ 0.1,  1. , 10. ]))"}, "wasCreatedOnDate": {"mae": 59.559251924145485, "mse": 10864.163351085928, "rmse": 104.23129736833332, "r2": 0.45105125549574154, "num": 693, "model": "RidgeCV(alphas=array([ 0.1,  1. , 10. ]))"}, "wasDestroyedOnDate": {"mae": 35.12998154912062, "mse": 3994.6227984847633, "rmse": 63.203028396468184, "r2": 0.5075264037505609, "num": 55, "model": "RidgeCV(alphas=array([ 0.1,  1. , 10. ]))"}, "diedOnDate": {"mae": 45.12233502499426, "mse": 8768.182180140579, "rmse": 93.63857207444258, "r2": 0.2155097270541988, "num": 163, "model": "LassoCV(alphas=[0.1, 1.0, 10.0])"}, "happenedOnDate": {"mae": 80.08334731159289, "mse": 75595.49386762778, "rmse": 274.94634725274636, "r2": 0.18380682852590757, "num": 41, "model": "RidgeCV(alphas=array([ 0.1,  1. , 10. ]))"}, "hasLatitude": {"mae": 5.233860009485659, "mse": 66.91267001532358, "rmse": 8.180016504587481, "r2": 0.8029230639721765, "num": 279, "model": "RidgeCV(alphas=array([ 0.1,  1. , 10. ]))"}, "hasLongitude": {"mae": 18.959177659757035, "mse": 708.5408716654154, "rmse": 26.61843105191242, "r2": 0.8480671234528223, "num": 296, "model": "RidgeCV(alphas=array([ 0.1,  1. , 10. ]))"}}