{"wasBornOnDate": {"mae": 18.78971194505432, "mse": 1326.991708973328, "rmse": 36.4278973998408, "r2": 0.45976513602102353, "num": 837}, "wasCreatedOnDate": {"mae": 64.26225962653848, "mse": 15847.204888098428, "rmse": 125.88568182322574, "r2": 0.35056046411157815, "num": 651}, "wasDestroyedOnDate": {"mae": 32.979403270085676, "mse": 2268.324556802262, "rmse": 47.6269310033962, "r2": 0.2275769690709154, "num": 58}, "diedOnDate": {"mae": 50.8421393685079, "mse": 21495.830795689315, "rmse": 146.61456542816376, "r2": 0.26867480065775384, "num": 169}, "happenedOnDate": {"mae": 42.15853855869175, "mse": 2975.4897793246955, "rmse": 54.548050188111176, "r2": 0.48422112835095177, "num": 36}, "hasLatitude": {"mae": 4.842248010573502, "mse": 58.70856243110373, "rmse": 7.662151292626877, "r2": 0.7207908666232459, "num": 309}, "hasLongitude": {"mae": 18.045045595407625, "mse": 933.4948427912971, "rmse": 30.553147837682733, "r2": 0.8168965325584041, "num": 294}}