{"micro": {"mae": 32.44946996017832, "mse": 6623.316369140322, "r2": 0.4893660601031843, "rmse": 81.38375986116839}, "macro": {"mae": 33.13133519640847, "mse": 6415.149304872918, "r2": 0.4754979853419818, "rmse": 80.0946271910477}}