{"wasBornOnDate": {"mae": 17.7172157495889, "mse": 960.015541432086, "rmse": 30.984117567426154, "r2": 0.43089913196891627, "num": 826, "model": "LassoCV(alphas=[0.1, 1.0, 10.0])"}, "wasCreatedOnDate": {"mae": 59.59176565613984, "mse": 11284.980015028523, "rmse": 106.23078656881216, "r2": 0.42978806459253527, "num": 693, "model": "RidgeCV(alphas=array([ 0.1,  1. , 10. ]))"}, "wasDestroyedOnDate": {"mae": 38.70826177777176, "mse": 4502.791507049633, "rmse": 67.10284276429452, "r2": 0.44487726663971716, "num": 55, "model": "RidgeCV(alphas=array([ 0.1,  1. , 10. ]))"}, "diedOnDate": {"mae": 42.94194871847231, "mse": 5907.116310789863, "rmse": 76.85776675645646, "r2": 0.47148962102201253, "num": 163, "model": "LassoCV(alphas=[0.1, 1.0, 10.0])"}, "happenedOnDate": {"mae": 86.98648326836833, "mse": 71694.75072698266, "rmse": 267.7587547158499, "r2": 0.22592256522105914, "num": 41, "model": "RidgeCV(alphas=array([ 0.1,  1. , 10. ]))"}, "hasLatitude": {"mae": 5.227029646814058, "mse": 61.48135271972941, "rmse": 7.841004573377662, "r2": 0.8189198456125668, "num": 279, "model": "RidgeCV(alphas=array([ 0.1,  1. , 10. ]))"}, "hasLongitude": {"mae": 17.657655632060585, "mse": 653.6050901546952, "rmse": 25.565701440693843, "r2": 0.8598470385488597, "num": 296, "model": "RidgeCV(alphas=array([ 0.1,  1. , 10. ]))"}}