{"micro": {"mae": 37.9547760807637, "mse": 8027.159686637721, "r2": 0.29969681680940113, "rmse": 89.59441772028948}, "macro": {"mae": 37.26367971391567, "mse": 7759.251563726977, "r2": 0.3060242656682356, "rmse": 88.08661398718296}}