{"wasBornOnDate": {"mae": 14.703524731182796, "mse": 1156.3146118706331, "rmse": 34.004626330407355, "r2": 0.5292499095234435, "num": 837}, "wasCreatedOnDate": {"mae": 45.544091858678954, "mse": 18876.552844992195, "rmse": 137.39196790566834, "r2": 0.22641375527163832, "num": 651}, "wasDestroyedOnDate": {"mae": 17.432205172413784, "mse": 1683.391774611207, "rmse": 41.029157615179074, "r2": 0.426761671786799, "num": 58}, "diedOnDate": {"mae": 29.86138639053254, "mse": 4653.050490438639, "rmse": 68.21327209890052, "r2": 0.8416952054650534, "num": 169}, "happenedOnDate": {"mae": 5.2755638888888825, "mse": 129.67231144805535, "rmse": 11.38737509033822, "r2": 0.9775222758459681, "num": 36}, "hasLatitude": {"mae": 2.596733839266451, "mse": 70.34820670361363, "rmse": 8.387383781824559, "r2": 0.6654344610911731, "num": 309}, "hasLongitude": {"mae": 97.86310341719577, "mse": 17881.314711189778, "rmse": 133.72103316677513, "r2": -2.5073902671418065, "num": 294}}