{"micro": {"mae": 33.040679550122725, "mse": 8251.480803827766, "r2": 0.1108808443110125, "rmse": 90.8376618139622}, "macro": {"mae": 30.46808704259417, "mse": 6350.092135893445, "r2": 0.16566957312032413, "rmse": 79.68746536246114}}