{"wasBornOnDate": {"mae": 26.494854556467416, "mse": 2456.5074352774336, "rmse": 49.563166114337704, "r2": -7.479412753630399e-05, "num": 837}, "wasCreatedOnDate": {"mae": 91.5653485144547, "mse": 24441.692651087484, "rmse": 156.33839148170702, "r2": -0.0016530765984450468, "num": 651}, "wasDestroyedOnDate": {"mae": 42.63858815393706, "mse": 3194.1058101104663, "rmse": 56.51642071212991, "r2": -0.08767543143465617, "num": 58}, "diedOnDate": {"mae": 58.507999715782965, "mse": 29457.200031522214, "rmse": 171.63099962280185, "r2": -0.0021846975757506826, "num": 169}, "happenedOnDate": {"mae": 54.44379875135108, "mse": 5801.038973822813, "rmse": 76.16455195051576, "r2": -0.00556666573042186, "num": 36}, "hasLatitude": {"mae": 9.16951514514966, "mse": 210.66516105033068, "rmse": 14.514308838188978, "r2": -0.0018919662453633634, "num": 309}, "hasLongitude": {"mae": 60.46644102118257, "mse": 5152.976163524105, "rmse": 71.78423339093415, "r2": -0.010747740570111963, "num": 294}}