{"micro": {"mae": 49.58224970547853, "mse": 10586.266572386188, "r2": -0.004476634548671588, "rmse": 102.88958437269629}, "macro": {"mae": 49.04093512261792, "mse": 10102.026603770692, "r2": -0.01568491032604077, "rmse": 100.50883843608328}}