{"people.person.date_of_birth": {"mae": 28.69260931080143, "mse": 1576.94300470593, "rmse": 39.71074167912166, "r2": 0.5611611217719594, "num": 475}, "film.film.initial_release_date": {"mae": 4.448315355470703, "mse": 29.810999938720137, "rmse": 5.4599450490568255, "r2": 0.8878939662035092, "num": 184}, "organization.organization.date_founded": {"mae": 49.694908587016144, "mse": 6097.49667120182, "rmse": 78.08646919410444, "r2": 0.4078188071739095, "num": 123}, "location.dated_location.date_founded": {"mae": 152.68385142436182, "mse": 45856.83867840494, "rmse": 214.14209926683017, "r2": 0.2289033329001967, "num": 83}, "people.deceased_person.date_of_death": {"mae": 60.39906162119944, "mse": 23489.204437947756, "rmse": 153.26188188179003, "r2": 0.3894776462794778, "num": 115}, "people.person.weight_kg": {"mae": 7.525440342515353, "mse": 104.58944963277916, "rmse": 10.22689833883075, "r2": 0.451274608453035, "num": 24}, "people.person.height_meters": {"mae": 0.193089736827471, "mse": 0.08182352124689815, "rmse": 0.2860481100215454, "r2": -0.008347482620487678, "num": 257}, "location.geocode.latitude": {"mae": 7.811636613734608, "mse": 165.57430353452187, "rmse": 12.8675678950811, "r2": 0.5991021791570074, "num": 349}, "location.geocode.longitude": {"mae": 19.13239361177853, "mse": 758.4041770675946, "rmse": 27.5391390037451, "r2": 0.8334081622269398, "num": 302}, "location.location.area": {"mae": 2571835.179729869, "mse": 37460546758165.2, "rmse": 6120502.165522466, "r2": 0.2709810659924502, "num": 221}, "topic_server.population_number": {"mae": 37374610.29183008, "mse": 2167739890703449.5, "rmse": 46558993.66076816, "r2": -8.820065507056503, "num": 199}}