{"people.person.date_of_birth": {"mae": 29.046496751229775, "mse": 1437.2873359049863, "rmse": 37.91157258549144, "r2": 0.042977167389187776, "num": 425, "model": "LassoCV(alphas=[0.1, 1.0, 10.0])"}, "film.film.initial_release_date": {"mae": 4.721679853435191, "mse": 46.835936182375455, "rmse": 6.84367855633032, "r2": 0.8155397238342365, "num": 204, "model": "RidgeCV(alphas=array([ 0.1,  1. , 10. ]))"}, "organization.organization.date_founded": {"mae": 67.47530679139292, "mse": 10332.24414144249, "rmse": 101.6476470039641, "r2": 0.5209616792460708, "num": 126, "model": "LassoCV(alphas=[0.1, 1.0, 10.0])"}, "location.dated_location.date_founded": {"mae": 146.1795863739728, "mse": 78595.03832273839, "rmse": 280.3480663795247, "r2": 0.16860943081579527, "num": 103, "model": "LassoCV(alphas=[0.1, 1.0, 10.0])"}, "people.deceased_person.date_of_death": {"mae": 54.9828115516268, "mse": 4567.850512747174, "rmse": 67.58587509788694, "r2": -0.16122928070729636, "num": 117, "model": "LassoCV(alphas=[0.1, 1.0, 10.0])"}, "people.person.weight_kg": {"mae": 9.233153327554538, "mse": 115.91125587516095, "rmse": 10.766208983442638, "r2": 0.4087131293998666, "num": 20, "model": "LassoCV(alphas=[0.1, 1.0, 10.0])"}, "people.person.height_meters": {"mae": 0.16953226504980518, "mse": 0.05775321854145648, "rmse": 0.24031899330152096, "r2": -1.223931271532308e-05, "num": 305, "model": "LassoCV(alphas=[0.1, 1.0, 10.0])"}, "location.geocode.latitude": {"mae": 6.759138369236629, "mse": 92.67284821793037, "rmse": 9.626673787863094, "r2": 0.6499170893753443, "num": 317, "model": "LassoCV(alphas=[0.1, 1.0, 10.0])"}, "location.geocode.longitude": {"mae": 19.566743011838206, "mse": 783.6435794127915, "rmse": 27.99363462312087, "r2": 0.8325449666322987, "num": 292, "model": "LassoCV(alphas=[0.1, 1.0, 10.0])"}, "location.location.area": {"mae": 2356777.301285623, "mse": 11012401211148.418, "rmse": 3318493.816650623, "r2": -14.13720377072401, "num": 204, "model": "RidgeCV(alphas=array([ 0.1,  1. , 10. ]))"}, "topic_server.population_number": {"mae": 40407847.808751866, "mse": 6309645445197113.0, "rmse": 79433276.68677098, "r2": 0.07651770429018045, "num": 199, "model": "RidgeCV(alphas=array([ 0.1,  1. , 10. ]))"}}