{"micro": {"mae": 25.582156714663054, "mse": 4341.661104235135, "r2": 0.5299873718337408, "rmse": 65.89128246008826}, "macro": {"mae": 36.73125628930061, "mse": 8675.438171772814, "r2": 0.48341026017172745, "rmse": 93.14203225060538}}