{"people.person.date_of_birth": {"mae": 1828.4096488042107, "mse": 3542439.438623345, "rmse": 1882.136934078747, "r2": -984.8061735884578, "num": 475}, "film.film.initial_release_date": {"mae": 1163.9370470163042, "mse": 2304374.9629457355, "rmse": 1518.0167861211994, "r2": -8664.738754379825, "num": 184}, "organization.organization.date_founded": {"mae": 1851.2093494715448, "mse": 3512827.503767571, "rmse": 1874.2538525417444, "r2": -340.1613804068487, "num": 123}, "location.dated_location.date_founded": {"mae": 1606.450803060241, "mse": 2886409.144066179, "rmse": 1698.9435376333668, "r2": -47.5358462340746, "num": 83}, "people.deceased_person.date_of_death": {"mae": 1936.519564892696, "mse": 3820202.23588635, "rmse": 1954.5337643249732, "r2": -98.29322497503495, "num": 115}, "people.person.weight_kg": {"mae": 36.42333333333333, "mse": 1994.3344, "rmse": 44.65797129292821, "r2": -9.463215251231288, "num": 24}, "people.person.height_meters": {"mae": 0.8892217898832686, "mse": 0.9378089494163424, "rmse": 0.9684053642025856, "r2": -10.557034932162384, "num": 257}, "location.geocode.latitude": {"mae": 39.51053734077364, "mse": 1691.024043101754, "rmse": 41.122062729169535, "r2": -3.094402569727576, "num": 349}, "location.geocode.longitude": {"mae": 66.0104192747351, "mse": 6389.69130506297, "rmse": 79.93554469110077, "r2": -0.40356613201790137, "num": 302}, "location.location.area": {"mae": 576915.8295643941, "mse": 51717707079137.195, "rmse": 7191502.4215484485, "r2": -0.006477239308559035, "num": 221}, "topic_server.population_number": {"mae": 4428380.603015075, "mse": 240356525262582.44, "rmse": 15503435.91796936, "r2": -0.0888376567915159, "num": 199}}