{"micro": {"mae": 889.759377922364, "mse": 1684207.4711211352, "r2": -1110.5261546926276, "rmse": 1297.7701919527722}, "macro": {"mae": 947.7066583315247, "mse": 1786258.808094033, "r2": -1128.7837331632647, "rmse": 1336.509935651072}}