{"people.person.date_of_birth": {"mae": 28.98605389681124, "mse": 1371.6167764428137, "rmse": 37.0353449618444, "r2": 0.08670414060157794, "num": 425, "model": "LassoCV(alphas=[0.1, 1.0, 10.0])"}, "film.film.initial_release_date": {"mae": 5.177082734460016, "mse": 54.77687914758259, "rmse": 7.401140395073086, "r2": 0.7842648385266189, "num": 204, "model": "LassoCV(alphas=[0.1, 1.0, 10.0])"}, "organization.organization.date_founded": {"mae": 66.25759726835837, "mse": 11033.981232601378, "rmse": 105.04275906792138, "r2": 0.4884267378376336, "num": 126, "model": "RidgeCV(alphas=array([ 0.1,  1. , 10. ]))"}, "location.dated_location.date_founded": {"mae": 156.09773809234133, "mse": 87808.70111361907, "rmse": 296.3253298549064, "r2": 0.07114586930538036, "num": 103, "model": "LassoCV(alphas=[0.1, 1.0, 10.0])"}, "people.deceased_person.date_of_death": {"mae": 46.74627125339711, "mse": 3554.9054977180713, "rmse": 59.62302825014905, "r2": 0.09627945516656344, "num": 117, "model": "LassoCV(alphas=[0.1, 1.0, 10.0])"}, "people.person.weight_kg": {"mae": 8.643789337885519, "mse": 111.31039968263508, "rmse": 10.550374385899065, "r2": 0.4321830317800964, "num": 20, "model": "LassoCV(alphas=[0.1, 1.0, 10.0])"}, "people.person.height_meters": {"mae": 0.16953226504980518, "mse": 0.05775321854145648, "rmse": 0.24031899330152096, "r2": -1.223931271532308e-05, "num": 305, "model": "LassoCV(alphas=[0.1, 1.0, 10.0])"}, "location.geocode.latitude": {"mae": 7.655056799075509, "mse": 110.66753528530305, "rmse": 10.519863843477397, "r2": 0.5819399790839739, "num": 317, "model": "RidgeCV(alphas=array([ 0.1,  1. , 10. ]))"}, "location.geocode.longitude": {"mae": 20.443538600496808, "mse": 795.4387612587979, "rmse": 28.203523915617314, "r2": 0.8300244807615651, "num": 292, "model": "LassoCV(alphas=[0.1, 1.0, 10.0])"}, "location.location.area": {"mae": 2187923.33088393, "mse": 9248323068324.066, "rmse": 3041105.566783907, "r2": -11.712372909278502, "num": 204, "model": "RidgeCV(alphas=array([ 0.1,  1. , 10. ]))"}, "topic_server.population_number": {"mae": 35795220.66420776, "mse": 7003714294796194.0, "rmse": 83688196.86668004, "r2": -0.025066497258946274, "num": 199, "model": "RidgeCV(alphas=array([ 0.1,  1. , 10. ]))"}}