{"people.person.date_of_birth": {"mae": 28.26301484664574, "mse": 1803.2831278528145, "rmse": 42.4650812768893, "r2": 0.49817416191141717, "num": 475}, "film.film.initial_release_date": {"mae": 4.718561692167295, "mse": 34.292887978275004, "rmse": 5.856012976272765, "r2": 0.8710395603443546, "num": 184}, "organization.organization.date_founded": {"mae": 63.407778042442146, "mse": 8147.7347123433465, "rmse": 90.26480328646015, "r2": 0.20870227226626292, "num": 123}, "location.dated_location.date_founded": {"mae": 142.54792448696827, "mse": 41174.02571260911, "rmse": 202.91383814961736, "r2": 0.30764625488616804, "num": 83}, "people.deceased_person.date_of_death": {"mae": 66.44737755875845, "mse": 25522.3154119387, "rmse": 159.75705121195338, "r2": 0.336633808996906, "num": 115}, "people.person.weight_kg": {"mae": 8.140991119614673, "mse": 120.29932057286165, "rmse": 10.968104693740923, "r2": 0.3688532446059558, "num": 24}, "people.person.height_meters": {"mae": 0.193089736827471, "mse": 0.08182352124689815, "rmse": 0.2860481100215454, "r2": -0.008347482620487678, "num": 257}, "location.geocode.latitude": {"mae": 8.177335002516031, "mse": 170.01367239284883, "rmse": 13.038929112195097, "r2": 0.5883533294669923, "num": 349}, "location.geocode.longitude": {"mae": 19.53233554396267, "mse": 802.4705489905797, "rmse": 28.32791113002474, "r2": 0.8237284978677244, "num": 302}, "location.location.area": {"mae": 2562536.0168615165, "mse": 35196664777871.81, "rmse": 5932677.707230674, "r2": 0.315038426891291, "num": 221}, "topic_server.population_number": {"mae": 33706079.03763623, "mse": 1978814808004765.0, "rmse": 44483871.32438863, "r2": -7.964217120456439, "num": 199}}