{"micro": {"mae": 26.44502790470801, "mse": 4457.186319589328, "r2": 0.4956225972109527, "rmse": 66.76216233458386}, "macro": {"mae": 37.936489781100306, "mse": 8641.61302424442, "r2": 0.44386484974725493, "rmse": 92.96027659298578}}