{"people.person.date_of_birth": {"mae": 129.05631586947368, "mse": 162024.11806185453, "rmse": 402.5221957381413, "r2": -44.08880917317053, "num": 475}, "film.film.initial_release_date": {"mae": 16.176177744565194, "mse": 523.3114129097215, "rmse": 22.876000806734588, "r2": -0.9679436135098409, "num": 184}, "organization.organization.date_founded": {"mae": 249.67005425203251, "mse": 345283.80904952163, "rmse": 587.6085508648778, "r2": -32.53352841866833, "num": 123}, "location.dated_location.date_founded": {"mae": 152.53714850602412, "mse": 115658.12454449265, "rmse": 340.0854665293603, "r2": -0.9448264845450602, "num": 83}, "people.deceased_person.date_of_death": {"mae": 62.071739333391285, "mse": 38928.435712762504, "rmse": 197.30290345750745, "r2": -0.01181290583080652, "num": 115}, "people.person.weight_kg": {"mae": 40.464999999999996, "mse": 2254.7094, "rmse": 47.48378038867588, "r2": -10.829264832003371, "num": 24}, "people.person.height_meters": {"mae": 7.278326848249027, "mse": 173.1280035019455, "rmse": 13.157811501231711, "r2": -2132.5330457794935, "num": 257}, "location.geocode.latitude": {"mae": 180.27509131252145, "mse": 705856.4515833479, "rmse": 840.1526358843064, "r2": -1708.0593602209026, "num": 349}, "location.geocode.longitude": {"mae": 78.75660470519868, "mse": 11113.75664430158, "rmse": 105.42180345783115, "r2": -1.4412591595889146, "num": 302}, "location.location.area": {"mae": 576714.8124667067, "mse": 51717579628748.586, "rmse": 7191493.560363423, "r2": -0.006474758999154062, "num": 221}, "topic_server.population_number": {"mae": 4428086.522613065, "mse": 240338294880569.88, "rmse": 15502847.960312642, "r2": -0.08875507144705219, "num": 199}}