{"micro": {"mae": 106.86642691128661, "mse": 200524.53523445377, "r2": -611.961590567267, "rmse": 447.79965970783604}, "macro": {"mae": 101.80960650793955, "mse": 153535.0938236325, "r2": -436.82331673196813, "rmse": 391.8355443596618}}