{"wasBornOnDate": {"mae": 23.973718156185964, "mse": 1326.6873582362568, "rmse": 36.42371971993329, "r2": 0.4598890409994283, "num": 837}, "wasCreatedOnDate": {"mae": 102.5473456835552, "mse": 35356.99977359819, "rmse": 188.03457068740894, "r2": -0.4489768817602495, "num": 651}, "wasDestroyedOnDate": {"mae": 43.65782499084498, "mse": 3529.403586781279, "rmse": 59.408783751068995, "r2": -0.20185297456585705, "num": 58}, "diedOnDate": {"mae": 55.11758171333543, "mse": 15117.284807793829, "rmse": 122.95236804467748, "r2": 0.4856839249129935, "num": 169}, "happenedOnDate": {"mae": 54.44379875135108, "mse": 5801.038973822813, "rmse": 76.16455195051576, "r2": -0.00556666573042186, "num": 36}, "hasLatitude": {"mae": 2.2063289083921527, "mse": 24.333290244107058, "rmse": 4.932878494764194, "r2": 0.8842745146547368, "num": 309}, "hasLongitude": {"mae": 6.848585698332142, "mse": 376.14150388715876, "rmse": 19.394367839327963, "r2": 0.9262204669449542, "num": 294}}