{"micro": {"mae": 43.894038181306826, "mse": 11560.880502928003, "r2": 0.3009199364570562, "rmse": 107.52153506590204}, "macro": {"mae": 41.25645484314242, "mse": 8790.269899194804, "r2": 0.2999530607793692, "rmse": 93.75643924123187}}