{"wasBornOnDate": {"mae": 1248.7181166069295, "mse": 2404393.0332828388, "rmse": 1550.6105356545334, "r2": -977.858371536111, "num": 837}, "wasCreatedOnDate": {"mae": 724.9085757296467, "mse": 1290663.6515515973, "rmse": 1136.0737878991827, "r2": -51.893113250604614, "num": 651}, "wasDestroyedOnDate": {"mae": 333.43138793103446, "mse": 591588.9602056458, "rmse": 769.1482043180272, "r2": -200.45130304916285, "num": 58}, "diedOnDate": {"mae": 160.25673786982247, "mse": 230718.1414265333, "rmse": 480.3312829980297, "r2": -6.849428681047695, "num": 169}, "happenedOnDate": {"mae": 746.8778083333334, "mse": 1412639.8381225588, "rmse": 1188.545261284802, "r2": -243.87053755523561, "num": 36}, "hasLatitude": {"mae": 26.90175249730313, "mse": 1184.1932159520852, "rmse": 34.41210856591158, "r2": -4.631845643718945, "num": 309}, "hasLongitude": {"mae": 76.04959472482993, "mse": 9830.157457085092, "rmse": 99.14715052428431, "r2": -0.928169105366504, "num": 294}}