{"micro": {"mae": 688.6464651957377, "mse": 1265978.5674508759, "r2": -371.92738491873087, "rmse": 1125.157130116001}, "macro": {"mae": 473.8777105275571, "mse": 848716.8536088874, "r2": -212.35468126017813, "rmse": 921.2582990719201}}