{"people.person.date_of_birth": {"mae": 25.858256415002867, "mse": 1177.0534987248143, "rmse": 34.30821328377236, "r2": 0.21625478403397314, "num": 425, "model": "RidgeCV(alphas=array([ 0.1,  1. , 10. ]))"}, "film.film.initial_release_date": {"mae": 5.011582346052698, "mse": 50.10654752372917, "rmse": 7.078597850120402, "r2": 0.8026586346443505, "num": 204, "model": "RidgeCV(alphas=array([ 0.1,  1. , 10. ]))"}, "organization.organization.date_founded": {"mae": 70.94517423948358, "mse": 12297.190653405134, "rmse": 110.89269882821472, "r2": 0.42986001105315674, "num": 126, "model": "RidgeCV(alphas=array([ 0.1,  1. , 10. ]))"}, "location.dated_location.date_founded": {"mae": 162.43952037143634, "mse": 83284.45511188173, "rmse": 288.5904626142065, "r2": 0.11900404889005212, "num": 103, "model": "RidgeCV(alphas=array([ 0.1,  1. , 10. ]))"}, "people.deceased_person.date_of_death": {"mae": 38.79815640425643, "mse": 2698.606086762882, "rmse": 51.94810955908677, "r2": 0.3139660774145303, "num": 117, "model": "LassoCV(alphas=[0.1, 1.0, 10.0])"}, "people.person.weight_kg": {"mae": 6.4021662631754825, "mse": 62.31299378375544, "rmse": 7.89385797843839, "r2": 0.6821287560562275, "num": 20, "model": "LassoCV(alphas=[0.1, 1.0, 10.0])"}, "people.person.height_meters": {"mae": 0.16953226504980518, "mse": 0.05775321854145648, "rmse": 0.24031899330152096, "r2": -1.223931271532308e-05, "num": 305, "model": "LassoCV(alphas=[0.1, 1.0, 10.0])"}, "location.geocode.latitude": {"mae": 9.245001838342526, "mse": 185.57073741502433, "rmse": 13.622435076557506, "r2": 0.2989840591902091, "num": 317, "model": "LassoCV(alphas=[0.1, 1.0, 10.0])"}, "location.geocode.longitude": {"mae": 25.55349267942747, "mse": 1300.8828844488671, "rmse": 36.06775408101906, "r2": 0.7220172632740891, "num": 292, "model": "LassoCV(alphas=[0.1, 1.0, 10.0])"}, "location.location.area": {"mae": 1360171.6108443076, "mse": 3015396840730.7773, "rmse": 1736489.804384344, "r2": -3.144843213806154, "num": 204, "model": "RidgeCV(alphas=array([ 0.1,  1. , 10. ]))"}, "topic_server.population_number": {"mae": 21259576.88589338, "mse": 6255153663912247.0, "rmse": 79089529.42022254, "r2": 0.0844931437527211, "num": 199, "model": "RidgeCV(alphas=array([ 0.1,  1. , 10. ]))"}}