{"people.person.date_of_birth": {"mae": 27.908401365306595, "mse": 2075.60499535849, "rmse": 45.55880809852789, "r2": 0.42239119290332605, "num": 475}, "film.film.initial_release_date": {"mae": 4.949084395613066, "mse": 39.15273992142197, "rmse": 6.25721502918207, "r2": 0.8527637988031681, "num": 184}, "organization.organization.date_founded": {"mae": 52.5078031674709, "mse": 6729.386910232439, "rmse": 82.0328404374275, "r2": 0.3464504234482385, "num": 123}, "location.dated_location.date_founded": {"mae": 186.10592783656955, "mse": 59554.115707495555, "rmse": 244.03711952794305, "r2": -0.0014205396097572986, "num": 83}, "people.deceased_person.date_of_death": {"mae": 56.05881181899338, "mse": 28837.198134267317, "rmse": 169.81518817310575, "r2": 0.25047465416942216, "num": 115}, "people.person.weight_kg": {"mae": 11.065606934779572, "mse": 182.92237023060423, "rmse": 13.524879675272688, "r2": 0.04030330420603767, "num": 24}, "people.person.height_meters": {"mae": 0.193089736827471, "mse": 0.08182352124689815, "rmse": 0.2860481100215454, "r2": -0.008347482620487678, "num": 257}, "location.geocode.latitude": {"mae": 10.501900048151112, "mse": 283.12479391712014, "rmse": 16.82631254663719, "r2": 0.31448231709258256, "num": 349}, "location.geocode.longitude": {"mae": 26.453889156318837, "mse": 1338.7515246047944, "rmse": 36.58895358717976, "r2": 0.7059284698724422, "num": 302}, "location.location.area": {"mae": 1812883.9128616326, "mse": 46638123100584.164, "rmse": 6829211.015965473, "r2": 0.09237644056837435, "num": 221}, "topic_server.population_number": {"mae": 15510629.787118, "mse": 400754360325695.5, "rmse": 20018850.12496211, "r2": -0.8154549295855673, "num": 199}}