{"micro": {"mae": 28.49820795363194, "mse": 5537.460844717838, "r2": 0.39257904862402626, "rmse": 74.4141172407349}, "macro": {"mae": 41.74939049555894, "mse": 11004.482111061, "r2": 0.3247806820294413, "rmse": 104.902250266908}}