{"wasBornOnDate": {"mae": 1875.9021945041816, "mse": 3661014.5632835557, "rmse": 1913.3777889595028, "r2": -1489.4446585809803, "num": 837}, "wasCreatedOnDate": {"mae": 1793.7381557603685, "mse": 3436136.1147608142, "rmse": 1853.6817727864766, "r2": -139.8174286492413, "num": 651}, "wasDestroyedOnDate": {"mae": 1979.7352500000002, "mse": 3922280.9405849567, "rmse": 1980.4749280374535, "r2": -1334.6378491766773, "num": 58}, "diedOnDate": {"mae": 1930.735424260355, "mse": 3798870.4726614663, "rmse": 1949.0691297800256, "r2": -128.2441186433069, "num": 169}, "happenedOnDate": {"mae": 1568.8949416666667, "mse": 3057832.3736614482, "rmse": 1748.6658839416546, "r2": -529.0523437647228, "num": 36}, "hasLatitude": {"mae": 38.53696717403811, "mse": 1592.3569992214132, "rmse": 39.90434812425099, "r2": -6.573011488754674, "num": 309}, "hasLongitude": {"mae": 64.87691437713531, "mse": 6195.647108358713, "rmse": 78.71243299732713, "r2": -0.21526591961966157, "num": 294}}