{"micro": {"mae": 1387.6102637993438, "mse": 2669112.4590593753, "r2": -619.3325444740128, "rmse": 1633.7418581463155}, "macro": {"mae": 1321.774263963249, "mse": 2554846.067008545, "r2": -518.2835251747575, "rmse": 1598.3885844839313}}