{"people.person.date_of_birth": {"mae": 393.8012281768421, "mse": 685865.338922646, "rmse": 828.1698732280993, "r2": -189.86572885012842, "num": 475}, "film.film.initial_release_date": {"mae": 1667.5593294619568, "mse": 3314452.2253774432, "rmse": 1820.5637108811775, "r2": -12463.194222227421, "num": 184}, "organization.organization.date_founded": {"mae": 1843.0440378292683, "mse": 3490210.850675912, "rmse": 1868.2106012641916, "r2": -337.9648795594095, "num": 123}, "location.dated_location.date_founded": {"mae": 1728.3644576867473, "mse": 3113123.409144758, "rmse": 1764.4045480401476, "r2": -51.348115444607835, "num": 83}, "people.deceased_person.date_of_death": {"mae": 1765.1804344579134, "mse": 3474470.070748989, "rmse": 1863.9930447158297, "r2": -89.30708771465375, "num": 115}, "people.person.weight_kg": {"mae": 55.785000000000004, "mse": 3498.1927333333333, "rmse": 59.145521667606694, "r2": -17.353162618646, "num": 24}, "people.person.height_meters": {"mae": 79.39505836575876, "mse": 7698.69843151751, "rmse": 87.74222718575993, "r2": -94873.46964608924, "num": 257}, "location.geocode.latitude": {"mae": 30.538105639169054, "mse": 1190.479190582728, "rmse": 34.50332144276444, "r2": -1.8824552063662323, "num": 349}, "location.geocode.longitude": {"mae": 114.4795987449338, "mse": 35048.004168132706, "rmse": 187.211121913557, "r2": -6.698680467745776, "num": 302}, "location.location.area": {"mae": 576913.9562612267, "mse": 51717701311275.11, "rmse": 7191502.020529169, "r2": -0.006477127060313226, "num": 221}, "topic_server.population_number": {"mae": 4428362.592964824, "mse": 240356440809572.6, "rmse": 15503433.194282245, "r2": -0.08883727421144139, "num": 199}}