{"micro": {"mae": 593.0988097791319, "mse": 1064831.055337229, "r2": -14029.860878799485, "rmse": 1031.9065148244918}, "macro": {"mae": 853.1274722625099, "mse": 1569506.3632659235, "r2": -12003.453775353135, "rmse": 1252.7994106264273}}