{"micro": {"mae": 37.85466267510232, "mse": 7922.323563892258, "r2": 0.27566994911156867, "rmse": 89.00743544160936}, "macro": {"mae": 37.86768046566329, "mse": 7964.102881303537, "r2": 0.27699379902136323, "rmse": 89.24182248981437}}