{"micro": {"mae": 14.750088859002219, "mse": 2669.603423170086, "r2": 0.6580514695657581, "rmse": 51.66820514755749}, "macro": {"mae": 26.388025076485224, "mse": 5857.743947603378, "r2": 0.6018345522822582, "rmse": 76.535899730802}}