{"people.person.date_of_birth": {"mae": 12.1615224620557, "mse": 1130.618649493617, "rmse": 33.62467322508305, "r2": 0.6853662951883253, "num": 475, "model": "graph"}, "film.film.initial_release_date": {"mae": 4.962169507672809, "mse": 47.72275215348027, "rmse": 6.908165614219181, "r2": 0.8205357593915952, "num": 184, "model": "bert-desc"}, "organization.organization.date_founded": {"mae": 46.908185451200126, "mse": 4557.641007845091, "rmse": 67.51030297550953, "r2": 0.5573676487195447, "num": 123, "model": "bert-desc"}, "location.dated_location.date_founded": {"mae": 144.98869103753327, "mse": 46150.13309852397, "rmse": 214.82582037204924, "r2": 0.22397149816516837, "num": 83, "model": "bert-desc"}, "people.deceased_person.date_of_death": {"mae": 13.147343130305604, "mse": 290.6205534973577, "rmse": 17.047596707376606, "r2": 0.9924463025203986, "num": 115, "model": "graph"}, "people.person.weight_kg": {"mae": 9.071706341303873, "mse": 120.06227051534108, "rmse": 10.957293028633536, "r2": 0.3700969205798319, "num": 24, "model": "bert-desc"}, "people.person.height_meters": {"mae": 0.18809173606455873, "mse": 0.07964637515287529, "rmse": 0.2822168938119674, "r2": 0.018482452705574914, "num": 257, "model": "bert-desc"}, "location.geocode.latitude": {"mae": 2.109586081963799, "mse": 72.1655677044939, "rmse": 8.49503194252346, "r2": 0.8252686666044348, "num": 349, "model": "graph"}, "location.geocode.longitude": {"mae": 3.9549299402672538, "mse": 350.651982321896, "rmse": 18.725703787091582, "r2": 0.922975426665451, "num": 302, "model": "graph"}, "location.location.area": {"mae": 1538666.936818417, "mse": 31598771812601.695, "rmse": 5621278.4855939755, "r2": 0.38505694827453196, "num": 221, "model": "bert-desc"}, "topic_server.population_number": {"mae": 10788218.705488198, "mse": 684010124086204.2, "rmse": 26153587.212583367, "r2": -2.0986301699862357, "num": 199, "model": "graph"}}