{"micro": {"mae": 17.444187846962365, "mse": 3547.146274391878, "r2": -1.15813405544879, "rmse": 59.557923691074706}, "macro": {"mae": 28.66867396447087, "mse": 7778.825765945832, "r2": -0.9774730544499504, "rmse": 88.19765170312547}}