{"people.person.date_of_birth": {"mae": 15.429340671396755, "mse": 675.2122434408975, "rmse": 25.98484641942102, "r2": 0.8120988630577056, "num": 475}, "film.film.initial_release_date": {"mae": 4.1188489203416205, "mse": 29.02737343818938, "rmse": 5.387705767596202, "r2": 0.8908408401471177, "num": 184}, "organization.organization.date_founded": {"mae": 55.23099999995563, "mse": 14402.831855918075, "rmse": 120.01179881960805, "r2": -0.398784879833332, "num": 123}, "location.dated_location.date_founded": {"mae": 137.4875837177183, "mse": 53098.93915378106, "rmse": 230.43207058432873, "r2": 0.10712521429660815, "num": 83}, "people.deceased_person.date_of_death": {"mae": 23.732702075586413, "mse": 1261.8766261434732, "rmse": 35.52290283948474, "r2": 0.9672017888075679, "num": 115}, "people.person.weight_kg": {"mae": 8.872317016862235, "mse": 123.53108648955613, "rmse": 11.114453944731434, "r2": 0.3518978822414661, "num": 24}, "people.person.height_meters": {"mae": 0.3282018156620948, "mse": 1.159845552814245, "rmse": 1.0769612587341502, "r2": -13.293290310494276, "num": 257}, "location.geocode.latitude": {"mae": 3.4893170023065405, "mse": 64.85314504516924, "rmse": 8.05314504061421, "r2": 0.8429739158286598, "num": 349}, "location.geocode.longitude": {"mae": 9.328754460408266, "mse": 352.0005637032463, "rmse": 18.761678062029695, "r2": 0.9226791958989297, "num": 302}, "location.location.area": {"mae": 1802032.7208023756, "mse": 41237455142375.375, "rmse": 6421639.5992281735, "r2": 0.19747872920392173, "num": 221}, "topic_server.population_number": {"mae": 11306159.089752052, "mse": 376945018045461.1, "rmse": 19415071.929958466, "r2": -0.7075963705976811, "num": 199}}