{"people.person.date_of_birth": {"mae": 17.808978281346928, "mse": 1920.6815083839372, "rmse": 43.82558052535, "r2": 0.4655040061325951, "num": 475}, "film.film.initial_release_date": {"mae": 10.043845574909296, "mse": 228.61090634611082, "rmse": 15.119884468676036, "r2": 0.14029512442500847, "num": 184}, "organization.organization.date_founded": {"mae": 72.34566222568147, "mse": 11255.443666425193, "rmse": 106.09167576405414, "r2": -0.09311450511326136, "num": 123}, "location.dated_location.date_founded": {"mae": 174.5799524795109, "mse": 152999.9717713047, "rmse": 391.1521082281223, "r2": -1.5727409847547023, "num": 83}, "people.deceased_person.date_of_death": {"mae": 40.6916812140862, "mse": 5178.609172452152, "rmse": 71.96255396004337, "r2": 0.8653995851874664, "num": 115}, "people.person.weight_kg": {"mae": 12.714746790475543, "mse": 236.2012344645972, "rmse": 15.368839724084483, "r2": -0.2392226493258256, "num": 24}, "people.person.height_meters": {"mae": 0.18100779851679902, "mse": 0.09066054225357044, "rmse": 0.30109889115300714, "r2": -0.1172500053933041, "num": 257}, "location.geocode.latitude": {"mae": 2.772229168567578, "mse": 82.25726419752088, "rmse": 9.069579052939606, "r2": 0.8008340831799612, "num": 349}, "location.geocode.longitude": {"mae": 6.710218734047763, "mse": 484.0259301050116, "rmse": 22.000589312675505, "r2": 0.8936783687851156, "num": 302}, "location.location.area": {"mae": 3206974.745842953, "mse": 228318278277088.7, "rmse": 15110204.441935545, "r2": -3.443297342095571, "num": 221}, "topic_server.population_number": {"mae": 109017430.04413229, "mse": 7.43110419158148e+16, "rmse": 272600517.0864773, "r2": -335.6360063033746, "num": 199}}