{"micro": {"mae": 21.820708725577397, "mse": 8270.87926336496, "r2": 0.37550546008011704, "rmse": 90.9443745559062}, "macro": {"mae": 37.53870247412695, "mse": 19153.988012691276, "r2": 0.1270425581247837, "rmse": 138.39793355643457}}