{"micro": {"mae": 29.50183889977725, "mse": 5700.239867366838, "r2": 0.55687484991321, "rmse": 75.4999328964393}, "macro": {"mae": 28.888183797495635, "mse": 4649.530095647199, "r2": 0.5755695598774189, "rmse": 68.18746289199503}}