{"wasBornOnDate": {"mae": 18.78971194505432, "mse": 1326.991708973328, "rmse": 36.4278973998408, "r2": 0.45976513602102353, "num": 837, "model": "bert-desc"}, "wasCreatedOnDate": {"mae": 64.26225962653848, "mse": 15847.204888098428, "rmse": 125.88568182322574, "r2": 0.35056046411157815, "num": 651, "model": "bert-desc"}, "wasDestroyedOnDate": {"mae": 32.979403270085676, "mse": 2268.324556802262, "rmse": 47.6269310033962, "r2": 0.2275769690709154, "num": 58, "model": "bert-desc"}, "diedOnDate": {"mae": 36.14743474723436, "mse": 9805.538161356983, "rmse": 99.0229173543023, "r2": 0.6663986975581122, "num": 169, "model": "graph"}, "happenedOnDate": {"mae": 42.15853855869175, "mse": 2975.4897793246955, "rmse": 54.548050188111176, "r2": 0.48422112835095177, "num": 36, "model": "bert-desc"}, "hasLatitude": {"mae": 1.9651803518591462, "mse": 21.086437111541933, "rmse": 4.591997072248842, "r2": 0.8997160620509786, "num": 309, "model": "graph"}, "hasLongitude": {"mae": 5.914758083005716, "mse": 302.0751378631542, "rmse": 17.380308911614726, "r2": 0.9407484619783726, "num": 294, "model": "graph"}}