{"micro": {"mae": 28.66182167897353, "mse": 5932.472458432935, "r2": 0.6077958398198354, "rmse": 77.02254513084422}, "macro": {"mae": 29.703463672654816, "mse": 5552.408904776172, "r2": 0.4934075206121595, "rmse": 74.51448788508294}}