{"wasBornOnDate": {"mae": 16.0194628534517, "mse": 771.8489672011642, "rmse": 27.78216995126846, "r2": 0.6857706653413496, "num": 837}, "wasCreatedOnDate": {"mae": 61.03903550455075, "mse": 16324.979915469785, "rmse": 127.76924479494188, "r2": 0.33098060796494866, "num": 651}, "wasDestroyedOnDate": {"mae": 32.34707689070139, "mse": 2870.022759520339, "rmse": 53.572593361907906, "r2": 0.022683208143124522, "num": 58}, "diedOnDate": {"mae": 39.79830404930025, "mse": 12964.983867181052, "rmse": 113.8638830673759, "r2": 0.5589089111625966, "num": 169}, "happenedOnDate": {"mae": 44.903614200494, "mse": 5470.335548730881, "rmse": 73.96171677787693, "r2": 0.05175829657649078, "num": 36}, "hasLatitude": {"mae": 2.9684403684458225, "mse": 23.049888388066663, "rmse": 4.801029929928229, "r2": 0.8903781817377059, "num": 309}, "hasLongitude": {"mae": 10.848311841639818, "mse": 441.6413869419097, "rmse": 21.015265569150195, "r2": 0.9133727733589005, "num": 294}}