{"wasBornOnDate": {"mae": 21.586950065906557, "mse": 1147.3846106039855, "rmse": 33.87306615297744, "r2": 0.3198260343929771, "num": 826, "model": "LassoCV(alphas=[0.1, 1.0, 10.0])"}, "wasCreatedOnDate": {"mae": 66.44645183801181, "mse": 13145.304905769908, "rmse": 114.65297600049423, "r2": 0.33578883242520696, "num": 693, "model": "RidgeCV(alphas=array([ 0.1,  1. , 10. ]))"}, "wasDestroyedOnDate": {"mae": 42.578697124808045, "mse": 6482.182063409642, "rmse": 80.51199949951338, "r2": 0.2008498240379899, "num": 55, "model": "LassoCV(alphas=[0.1, 1.0, 10.0])"}, "diedOnDate": {"mae": 50.10464521720017, "mse": 8372.771287454178, "rmse": 91.50284852098419, "r2": 0.2508871853182246, "num": 163, "model": "LassoCV(alphas=[0.1, 1.0, 10.0])"}, "happenedOnDate": {"mae": 98.56650570092698, "mse": 85309.833170236, "rmse": 292.0784709119041, "r2": 0.07892256891573846, "num": 41, "model": "LassoCV(alphas=[0.1, 1.0, 10.0])"}, "hasLatitude": {"mae": 8.46886299311613, "mse": 166.19841031070092, "rmse": 12.891796240660218, "r2": 0.5104981841372188, "num": 279, "model": "LassoCV(alphas=[0.1, 1.0, 10.0])"}, "hasLongitude": {"mae": 22.81654023940428, "mse": 1023.1697533033024, "rmse": 31.987024764790213, "r2": 0.7806010492379267, "num": 296, "model": "RidgeCV(alphas=array([ 0.1,  1. , 10. ]))"}}