{"wasBornOnDate": {"mae": 22.715126204374236, "mse": 1654.327350145465, "rmse": 40.673423142704195, "r2": 0.3265027166793705, "num": 837}, "wasCreatedOnDate": {"mae": 69.5630870258934, "mse": 16775.424148385388, "rmse": 129.5199758662168, "r2": 0.31252080412988714, "num": 651}, "wasDestroyedOnDate": {"mae": 37.316958094269935, "mse": 2446.382750261255, "rmse": 49.46092144573587, "r2": 0.16694356056642778, "num": 58}, "diedOnDate": {"mae": 57.79231817536735, "mse": 25008.656624703377, "rmse": 158.14125529002033, "r2": 0.14916241362438176, "num": 169}, "happenedOnDate": {"mae": 42.846190730016104, "mse": 3159.5090385870612, "rmse": 56.20951021479427, "r2": 0.452322767763883, "num": 36}, "hasLatitude": {"mae": 7.402351049843819, "mse": 122.90397584357744, "rmse": 11.086206557861775, "r2": 0.4154870914423505, "num": 309}, "hasLongitude": {"mae": 24.915492065719402, "mse": 1333.4491529751872, "rmse": 36.51642305833345, "r2": 0.7384461569849263, "num": 294}}