{"micro": {"mae": 32.72254967415984, "mse": 6422.064898746898, "r2": 0.5187791903981038, "rmse": 80.13778695937951}, "macro": {"mae": 33.818789674962204, "mse": 6250.9176863747125, "r2": 0.484618392820995, "rmse": 79.06274524942017}}