{"wasBornOnDate": {"mae": 18.63523591696372, "mse": 1046.8818327355887, "rmse": 32.35555335233179, "r2": 0.37940446375789993, "num": 826, "model": "LassoCV(alphas=[0.1, 1.0, 10.0])"}, "wasCreatedOnDate": {"mae": 62.54252647206241, "mse": 11348.835862684455, "rmse": 106.53091505607401, "r2": 0.42656153105588, "num": 693, "model": "RidgeCV(alphas=array([ 0.1,  1. , 10. ]))"}, "wasDestroyedOnDate": {"mae": 42.82904583857373, "mse": 6571.935086702978, "rmse": 81.06747243317123, "r2": 0.189784700649545, "num": 55, "model": "LassoCV(alphas=[0.1, 1.0, 10.0])"}, "diedOnDate": {"mae": 49.475870587642675, "mse": 8060.149624060524, "rmse": 89.77833605085652, "r2": 0.27885748166995095, "num": 163, "model": "LassoCV(alphas=[0.1, 1.0, 10.0])"}, "happenedOnDate": {"mae": 97.2487670770284, "mse": 86729.84584636167, "rmse": 294.49931383003536, "r2": 0.06359090573896342, "num": 41, "model": "LassoCV(alphas=[0.1, 1.0, 10.0])"}, "hasLatitude": {"mae": 5.176928327175545, "mse": 57.680231802982995, "rmse": 7.594750279171988, "r2": 0.8301152330268204, "num": 279, "model": "RidgeCV(alphas=array([ 0.1,  1. , 10. ]))"}, "hasLongitude": {"mae": 16.769889029012276, "mse": 580.7622690262626, "rmse": 24.099009710489405, "r2": 0.875466771710958, "num": 296, "model": "RidgeCV(alphas=array([ 0.1,  1. , 10. ]))"}}