{"wasBornOnDate": {"mae": 19.480970966174215, "mse": 1204.7256730894178, "rmse": 34.70915834602472, "r2": 0.5095411631192611, "num": 837}, "wasCreatedOnDate": {"mae": 63.741895485697206, "mse": 15526.124787977773, "rmse": 124.60387148069587, "r2": 0.3637187537076174, "num": 651}, "wasDestroyedOnDate": {"mae": 37.20031267514522, "mse": 2466.8745502925567, "rmse": 49.66764087705955, "r2": 0.15996557399836586, "num": 58}, "diedOnDate": {"mae": 51.73535404032103, "mse": 20466.31524908903, "rmse": 143.06053001820254, "r2": 0.30370069332966576, "num": 169}, "happenedOnDate": {"mae": 41.572506058884635, "mse": 3116.5472260080337, "rmse": 55.826044334235554, "r2": 0.4597698762600977, "num": 36}, "hasLatitude": {"mae": 4.512564562680429, "mse": 46.704507377626065, "rmse": 6.834069605851704, "r2": 0.7778803552718837, "num": 309}, "hasLongitude": {"mae": 18.487923935832665, "mse": 929.1318107885506, "rmse": 30.481663517409128, "r2": 0.8177523340600736, "num": 294}}