{"micro": {"mae": 37.12164810366457, "mse": 7314.180113279595, "r2": 0.37102688734635403, "rmse": 85.52298003039648}, "macro": {"mae": 37.50736047792632, "mse": 7214.379005843045, "r2": 0.36591221588446105, "rmse": 84.93750058627252}}