{"micro": {"mae": 32.635285849300864, "mse": 6867.898671885694, "r2": 0.4711467029688015, "rmse": 82.87278607531965}, "macro": {"mae": 32.52936284622159, "mse": 6535.970901784765, "r2": 0.484391950906278, "rmse": 80.8453517636281}}