{"micro": {"mae": 37.679782813687645, "mse": 8232.216853709406, "r2": 0.2810979540866408, "rmse": 90.73156481461899}, "macro": {"mae": 36.754302280155166, "mse": 7853.592167787526, "r2": 0.31591222124219176, "rmse": 88.62049519037639}}