{"wasBornOnDate": {"mae": 1952.6157256869774, "mse": 3815164.4959167694, "rmse": 1953.2446072923815, "r2": -1552.2010174378888, "num": 837}, "wasCreatedOnDate": {"mae": 1909.3581637480795, "mse": 3670049.952813041, "rmse": 1915.7374436005161, "r2": -149.40352887923245, "num": 651}, "wasDestroyedOnDate": {"mae": 1980.8904224137932, "mse": 3926863.500674611, "rmse": 1981.6315249497347, "r2": -1336.198329110314, "num": 58}, "diedOnDate": {"mae": 1954.53759704142, "mse": 3849610.203496356, "rmse": 1962.042355173903, "r2": -129.97037170698653, "num": 169}, "happenedOnDate": {"mae": 1955.5350749999998, "mse": 3829886.354850337, "rmse": 1957.0095438833039, "r2": -662.8821199705534, "num": 36}, "hasLatitude": {"mae": 39.51099450233728, "mse": 1670.8036804555015, "rmse": 40.87546550750831, "r2": -6.946092160068269, "num": 309}, "hasLongitude": {"mae": 64.49276622898714, "mse": 6132.9351015993025, "rmse": 78.31305830830068, "r2": -0.20296506335190379, "num": 294}}