{"wasBornOnDate": {"mae": 19.125711111111112, "mse": 1478.3443466376582, "rmse": 38.4492437719867, "r2": 0.39814759081065476, "num": 837}, "wasCreatedOnDate": {"mae": 51.599209831029185, "mse": 20276.506195837053, "rmse": 142.3955975296886, "r2": 0.1690418047694433, "num": 651}, "wasDestroyedOnDate": {"mae": 19.39756034482758, "mse": 1168.4679746112067, "rmse": 34.182860831288046, "r2": 0.6021065099409248, "num": 58}, "diedOnDate": {"mae": 34.24222426035503, "mse": 5153.373782746332, "rmse": 71.78700288176357, "r2": 0.8246733450419677, "num": 169}, "happenedOnDate": {"mae": 14.561880555555554, "mse": 745.8154725591659, "rmse": 27.309622343766783, "r2": 0.8707184727812197, "num": 36}, "hasLatitude": {"mae": 3.466975811218986, "mse": 91.45996098552662, "rmse": 9.563470133038876, "r2": 0.5650301184702242, "num": 309}, "hasLongitude": {"mae": 97.1584107750189, "mse": 16947.347860573682, "rmse": 130.18197978435296, "r2": -2.324194216147074, "num": 294}}