{"micro": {"mae": 46.97730853477296, "mse": 12330.446125053293, "r2": -0.2070531805135533, "rmse": 111.04254196051751}, "macro": {"mae": 41.30468301375671, "mse": 10833.229024881084, "r2": -0.07989813818274463, "rmse": 104.08279889050392}}