{"micro": {"mae": 44.95970271725195, "mse": 11896.775499628106, "r2": -0.17966109538792582, "rmse": 109.07234067181334}, "macro": {"mae": 40.14498048894279, "mse": 10656.124883544777, "r2": -0.05708421853061279, "rmse": 103.22850809512252}}