{"wasBornOnDate": {"mae": 23.84351039426523, "mse": 2281.6179843915406, "rmse": 47.766285017693605, "r2": 0.07112488110163062, "num": 837}, "wasCreatedOnDate": {"mae": 70.41314439324115, "mse": 24771.337064347037, "rmse": 157.3891262582871, "r2": -0.015162343138961365, "num": 651}, "wasDestroyedOnDate": {"mae": 20.662436206896544, "mse": 1503.1538090939655, "rmse": 38.770527583384336, "r2": 0.48813734891193783, "num": 58}, "diedOnDate": {"mae": 50.24241834319526, "mse": 27694.40433659249, "rmse": 166.41635838039628, "r2": 0.057788649127958, "num": 169}, "happenedOnDate": {"mae": 14.561880555555554, "mse": 745.8154725591659, "rmse": 27.309622343766783, "r2": 0.8707184727812197, "num": 36}, "hasLatitude": {"mae": 3.0569385836030207, "mse": 92.25674889419257, "rmse": 9.605037683121944, "r2": 0.5612407144676177, "num": 309}, "hasLongitude": {"mae": 98.23453494584278, "mse": 17504.288768935054, "rmse": 132.3037745830974, "r2": -2.433437252965692, "num": 294}}