{"micro": {"mae": 45.96405395448409, "mse": 11447.9021855945, "r2": -0.17553814330321324, "rmse": 106.99486990316171}, "macro": {"mae": 39.92270363792142, "mse": 9387.23808492937, "r2": -0.025690268261124923, "rmse": 96.8877602431255}}