{"wasBornOnDate": {"mae": 23.605937873357227, "mse": 2229.440842456057, "rmse": 47.216955031599156, "r2": 0.09236684590496502, "num": 837}, "wasCreatedOnDate": {"mae": 77.37806021505376, "mse": 26482.942422565164, "rmse": 162.7358055947282, "r2": -0.08530620745538342, "num": 651}, "wasDestroyedOnDate": {"mae": 20.696918965517234, "mse": 1503.222774611207, "rmse": 38.77141697966695, "r2": 0.4881138643741113, "num": 58}, "diedOnDate": {"mae": 50.181773372781066, "mse": 27107.496839551066, "rmse": 164.64354478554895, "r2": 0.07775625337404979, "num": 169}, "happenedOnDate": {"mae": 14.561880555555554, "mse": 745.8154725591659, "rmse": 27.309622343766783, "r2": 0.8707184727812197, "num": 36}, "hasLatitude": {"mae": 3.447641155339806, "mse": 113.7396355450376, "rmse": 10.664878599638985, "r2": 0.4590713218640674, "num": 309}, "hasLongitude": {"mae": 99.26056895869236, "mse": 17649.94518687988, "rmse": 132.85309626380516, "r2": -2.4620075181222423, "num": 294}}