{"wasBornOnDate": {"mae": 23.790304898446827, "mse": 2276.8618522529505, "rmse": 47.71647359406341, "r2": 0.07306116177436017, "num": 837}, "wasCreatedOnDate": {"mae": 75.85916989247312, "mse": 25654.866453594343, "rmse": 160.17136589788558, "r2": -0.05137055276004632, "num": 651}, "wasDestroyedOnDate": {"mae": 20.662436206896544, "mse": 1503.1538090939655, "rmse": 38.770527583384336, "r2": 0.48813734891193783, "num": 58}, "diedOnDate": {"mae": 43.01300532544377, "mse": 17760.65068452148, "rmse": 133.26909125720593, "r2": 0.39575206346942426, "num": 169}, "happenedOnDate": {"mae": 14.561880555555554, "mse": 745.8154725591659, "rmse": 27.309622343766783, "r2": 0.8707184727812197, "num": 36}, "hasLatitude": {"mae": 3.235033625674218, "mse": 103.23218865974454, "rmse": 10.160324239892374, "r2": 0.5090431661293366, "num": 309}, "hasLongitude": {"mae": 98.33709496095994, "mse": 17666.086133823945, "rmse": 132.9138297312358, "r2": -2.4651735381341067, "num": 294}}