{"micro": {"mae": 36.81877493352686, "mse": 8671.920908837104, "r2": 0.05956448317004043, "rmse": 93.12314915657173}, "macro": {"mae": 34.22171038415948, "mse": 6551.616513421518, "r2": 0.15793194652390863, "rmse": 80.94205651836083}}