{"wasBornOnDate": {"mae": 22.23766906106631, "mse": 1609.076408088379, "rmse": 40.11329465511876, "r2": 0.34492493918597844, "num": 837}, "wasCreatedOnDate": {"mae": 71.28573327339633, "mse": 17398.191309936163, "rmse": 131.902203582564, "r2": 0.28699897745950476, "num": 651}, "wasDestroyedOnDate": {"mae": 37.64884725901173, "mse": 2457.670587742841, "rmse": 49.5748987668441, "r2": 0.16309976069483756, "num": 58}, "diedOnDate": {"mae": 57.24948113701137, "mse": 25731.80830910029, "rmse": 160.41137213146794, "r2": 0.12455954738613839, "num": 169}, "happenedOnDate": {"mae": 40.97431920634014, "mse": 2888.5403321249614, "rmse": 53.74514240491843, "r2": 0.4992931639125613, "num": 36}, "hasLatitude": {"mae": 6.4404053248511035, "mse": 85.1382537097654, "rmse": 9.22703927106444, "r2": 0.5950952118200774, "num": 309}, "hasLongitude": {"mae": 22.36533191762113, "mse": 1143.144214478178, "rmse": 33.81041576908184, "r2": 0.7757741555048416, "num": 294}}