{"wasBornOnDate": {"mae": 21.161121274888874, "mse": 1120.6839702655516, "rmse": 33.47661826208782, "r2": 0.3356542756430314, "num": 826, "model": "LassoCV(alphas=[0.1, 1.0, 10.0])"}, "wasCreatedOnDate": {"mae": 69.7198520443419, "mse": 14059.934714967476, "rmse": 118.57459557159567, "r2": 0.28957405552800686, "num": 693, "model": "LassoCV(alphas=[0.1, 1.0, 10.0])"}, "wasDestroyedOnDate": {"mae": 41.75668833642073, "mse": 6569.9496371686355, "rmse": 81.05522584737295, "r2": 0.19002947506797574, "num": 55, "model": "LassoCV(alphas=[0.1, 1.0, 10.0])"}, "diedOnDate": {"mae": 50.052957855421106, "mse": 8600.593886784989, "rmse": 92.73938692262846, "r2": 0.23050387102794323, "num": 163, "model": "LassoCV(alphas=[0.1, 1.0, 10.0])"}, "happenedOnDate": {"mae": 101.32873929194221, "mse": 85167.32063409904, "rmse": 291.83440618628066, "r2": 0.08046125532273674, "num": 41, "model": "LassoCV(alphas=[0.1, 1.0, 10.0])"}, "hasLatitude": {"mae": 7.232838658322026, "mse": 119.43043334520601, "rmse": 10.92842318659037, "r2": 0.6482432420233981, "num": 279, "model": "RidgeCV(alphas=array([ 0.1,  1. , 10. ]))"}, "hasLongitude": {"mae": 20.65238818715878, "mse": 837.545624275984, "rmse": 28.940380513669545, "r2": 0.82040455106471, "num": 296, "model": "RidgeCV(alphas=array([ 0.1,  1. , 10. ]))"}}