{"micro": {"mae": 32.35135996071922, "mse": 6485.303031286115, "r2": 0.5318033886126848, "rmse": 80.5313791716379}, "macro": {"mae": 33.593989448848724, "mse": 6154.934082082006, "r2": 0.49475129803063095, "rmse": 78.45338795795887}}