{"wasBornOnDate": {"mae": 17.98513293842273, "mse": 1047.0882260282435, "rmse": 32.35874265215266, "r2": 0.5737173325672033, "num": 837}, "wasCreatedOnDate": {"mae": 64.33117458440626, "mse": 16232.404394233421, "rmse": 127.40645350308367, "r2": 0.3347744759669662, "num": 651}, "wasDestroyedOnDate": {"mae": 36.33141358785647, "mse": 2366.5543708218806, "rmse": 48.64724422638841, "r2": 0.19412718321681444, "num": 58}, "diedOnDate": {"mae": 48.941892192041735, "mse": 19272.654170339763, "rmse": 138.82598521292678, "r2": 0.3443110998154876, "num": 169}, "happenedOnDate": {"mae": 42.98832358007139, "mse": 3089.8425759387737, "rmse": 55.58635242520212, "r2": 0.46439892737504784, "num": 36}, "hasLatitude": {"mae": 4.630144266902903, "mse": 51.9804431146589, "rmse": 7.2097463973886695, "r2": 0.7527887947926589, "num": 309}, "hasLongitude": {"mae": 19.94984499223959, "mse": 1024.014394097296, "rmse": 32.00022490697989, "r2": 0.7991412724802385, "num": 294}}