{"wasBornOnDate": {"mae": 17.269609971501918, "mse": 1102.2600888377183, "rmse": 33.20030254135824, "r2": 0.34657602269875176, "num": 826, "model": "RidgeCV(alphas=array([ 0.1,  1. , 10. ]))"}, "wasCreatedOnDate": {"mae": 61.095672524472704, "mse": 11204.090886668224, "rmse": 105.84937830081113, "r2": 0.4338752624762997, "num": 693, "model": "RidgeCV(alphas=array([ 0.1,  1. , 10. ]))"}, "wasDestroyedOnDate": {"mae": 42.21199763456114, "mse": 6517.044789340605, "rmse": 80.7282155713887, "r2": 0.19655180320338372, "num": 55, "model": "LassoCV(alphas=[0.1, 1.0, 10.0])"}, "diedOnDate": {"mae": 49.35918246273059, "mse": 9332.330537749329, "rmse": 96.60398820829981, "r2": 0.16503530830354762, "num": 163, "model": "LassoCV(alphas=[0.1, 1.0, 10.0])"}, "happenedOnDate": {"mae": 98.83801089934312, "mse": 85188.214190641, "rmse": 291.87020092952446, "r2": 0.08023567073687221, "num": 41, "model": "LassoCV(alphas=[0.1, 1.0, 10.0])"}, "hasLatitude": {"mae": 5.469520883864178, "mse": 66.9350913762616, "rmse": 8.181386885868532, "r2": 0.80285702665646, "num": 279, "model": "RidgeCV(alphas=array([ 0.1,  1. , 10. ]))"}, "hasLongitude": {"mae": 17.2221819874833, "mse": 600.1080169642318, "rmse": 24.497102215654646, "r2": 0.8713184504909505, "num": 296, "model": "RidgeCV(alphas=array([ 0.1,  1. , 10. ]))"}}