{"micro": {"mae": 36.924088844035246, "mse": 7489.642976242501, "r2": 0.397614882805879, "rmse": 86.54272341590887}, "macro": {"mae": 36.88596959704258, "mse": 7330.509916454369, "r2": 0.39853510799484854, "rmse": 85.61839706777025}}