{"wasBornOnDate": {"mae": 19.080607437002172, "mse": 1049.128613608831, "rmse": 32.39025491731782, "r2": 0.5728866653523221, "num": 837}, "wasCreatedOnDate": {"mae": 69.29749170164828, "mse": 21700.136219487966, "rmse": 147.3096609849061, "r2": 0.11069955272151055, "num": 651}, "wasDestroyedOnDate": {"mae": 39.51422390891466, "mse": 6873.57724824333, "rmse": 82.90703979906249, "r2": -1.3406303809089968, "num": 58}, "diedOnDate": {"mae": 36.63244531334771, "mse": 9623.138292830174, "rmse": 98.09759575458602, "r2": 0.6726042553464214, "num": 169}, "happenedOnDate": {"mae": 58.21067040737444, "mse": 16123.343494199133, "rmse": 126.97772833926086, "r2": -1.7948608570033242, "num": 36}, "hasLatitude": {"mae": 2.2065052223944885, "mse": 24.33361296524067, "rmse": 4.932911205894615, "r2": 0.8842729798413416, "num": 309}, "hasLongitude": {"mae": 6.8492773855529085, "mse": 376.1527219225339, "rmse": 19.394657045757057, "r2": 0.9262182665458937, "num": 294}}