{"micro": {"mae": 31.58747900040552, "mse": 7531.19606321424, "r2": 0.4538736767484146, "rmse": 86.78246403055309}, "macro": {"mae": 33.11303162517638, "mse": 7967.115743322458, "r2": 0.004455783127881197, "rmse": 89.2587012191106}}