{"people.person.date_of_birth": {"mae": 24.246845487214948, "mse": 1273.9377345432151, "rmse": 35.692264351582054, "r2": 0.15174407453142347, "num": 425, "model": "LassoCV(alphas=[0.1, 1.0, 10.0])"}, "film.film.initial_release_date": {"mae": 11.68412782097074, "mse": 250.5999320141797, "rmse": 15.830348448918606, "r2": 0.013028532482882604, "num": 204, "model": "LassoCV(alphas=[0.1, 1.0, 10.0])"}, "organization.organization.date_founded": {"mae": 64.1972956811547, "mse": 11263.635739337642, "rmse": 106.1302772037162, "r2": 0.47777916623997363, "num": 126, "model": "RidgeCV(alphas=array([ 0.1,  1. , 10. ]))"}, "location.dated_location.date_founded": {"mae": 148.73831480541207, "mse": 87953.9334027846, "rmse": 296.5702840858885, "r2": 0.06960957950732172, "num": 103, "model": "LassoCV(alphas=[0.1, 1.0, 10.0])"}, "people.deceased_person.date_of_death": {"mae": 50.60692831895042, "mse": 5424.908876087605, "rmse": 73.65398072125909, "r2": -0.37910884222285635, "num": 117, "model": "RidgeCV(alphas=array([ 0.1,  1. , 10. ]))"}, "people.person.weight_kg": {"mae": 8.457170440849138, "mse": 107.45875363386214, "rmse": 10.366231409430437, "r2": 0.45183106096969605, "num": 20, "model": "RidgeCV(alphas=array([ 0.1,  1. , 10. ]))"}, "people.person.height_meters": {"mae": 0.16896266415962383, "mse": 0.057989666194955596, "rmse": 0.24081043622516776, "r2": -0.0041063929101665675, "num": 305, "model": "RidgeCV(alphas=array([ 0.1,  1. , 10. ]))"}, "location.geocode.latitude": {"mae": 8.210927470193013, "mse": 162.67017471903236, "rmse": 12.754221839023828, "r2": 0.38549370897136404, "num": 317, "model": "RidgeCV(alphas=array([ 0.1,  1. , 10. ]))"}, "location.geocode.longitude": {"mae": 32.880219128356735, "mse": 2299.754609718196, "rmse": 47.95575679434322, "r2": 0.508570611659376, "num": 292, "model": "RidgeCV(alphas=array([ 0.1,  1. , 10. ]))"}, "location.location.area": {"mae": 1352403.8421820668, "mse": 4319978404021.783, "rmse": 2078455.773891228, "r2": -4.938068558617784, "num": 204, "model": "RidgeCV(alphas=array([ 0.1,  1. , 10. ]))"}, "topic_server.population_number": {"mae": 13143772.739116019, "mse": 6641318520329383.0, "rmse": 81494285.2004322, "r2": 0.027973896954471167, "num": 199, "model": "RidgeCV(alphas=array([ 0.1,  1. , 10. ]))"}}