{"people.person.date_of_birth": {"mae": 27.240486778476807, "mse": 2459.907504232702, "rmse": 49.597454614452765, "r2": 0.3154457412343037, "num": 475}, "film.film.initial_release_date": {"mae": 11.955314871190714, "mse": 265.262333424921, "rmse": 16.28687611007467, "r2": 0.0024652585623099466, "num": 184}, "organization.organization.date_founded": {"mae": 50.58890469966951, "mse": 6337.269618494861, "rmse": 79.60696966029332, "r2": 0.38453236068743135, "num": 123}, "location.dated_location.date_founded": {"mae": 163.7857591865425, "mse": 56127.8115809863, "rmse": 236.91308866541397, "r2": 0.05619380469666291, "num": 83}, "people.deceased_person.date_of_death": {"mae": 60.9705970124503, "mse": 27638.406241583816, "rmse": 166.2480262787616, "r2": 0.28163319126997277, "num": 115}, "people.person.weight_kg": {"mae": 10.635850469159065, "mse": 158.22262018588654, "rmse": 12.578657328422876, "r2": 0.1698897975090118, "num": 24}, "people.person.height_meters": {"mae": 0.19638592005459427, "mse": 0.08291339642672826, "rmse": 0.2879468638945878, "r2": -0.02177849704280943, "num": 257}, "location.geocode.latitude": {"mae": 9.509081995237326, "mse": 247.47187796700246, "rmse": 15.73123892028223, "r2": 0.4008071634363902, "num": 349}, "location.geocode.longitude": {"mae": 29.79871292536171, "mse": 1811.2527682159323, "rmse": 42.55881539958475, "r2": 0.6021383630884968, "num": 302}, "location.location.area": {"mae": 1715815.3413412657, "mse": 36481965339022.664, "rmse": 6040030.243220862, "r2": 0.2900252189683379, "num": 221}, "topic_server.population_number": {"mae": 8891579.119596537, "mse": 234386021601486.62, "rmse": 15309670.852160297, "r2": -0.061790713884055215, "num": 199}}