{"people.person.date_of_birth": {"mae": 24.827460067465505, "mse": 1185.6794867684093, "rmse": 34.43369696632079, "r2": 0.21051113952718403, "num": 425, "model": "LassoCV(alphas=[0.1, 1.0, 10.0])"}, "film.film.initial_release_date": {"mae": 5.013290217643295, "mse": 44.08089982390249, "rmse": 6.639344833935235, "r2": 0.8263902546222145, "num": 204, "model": "RidgeCV(alphas=array([ 0.1,  1. , 10. ]))"}, "organization.organization.date_founded": {"mae": 50.27324071552047, "mse": 8311.638483162455, "rmse": 91.16818789008836, "r2": 0.6146438966034726, "num": 126, "model": "RidgeCV(alphas=array([ 0.1,  1. , 10. ]))"}, "location.dated_location.date_founded": {"mae": 118.02592487927791, "mse": 59126.99316655354, "rmse": 243.1604268102718, "r2": 0.3745454477541782, "num": 103, "model": "RidgeCV(alphas=array([ 0.1,  1. , 10. ]))"}, "people.deceased_person.date_of_death": {"mae": 42.5944374235438, "mse": 3261.2502854193976, "rmse": 57.10735754190871, "r2": 0.17093186115093828, "num": 117, "model": "LassoCV(alphas=[0.1, 1.0, 10.0])"}, "people.person.weight_kg": {"mae": 8.361784576351862, "mse": 121.27501694673192, "rmse": 11.012493675218703, "r2": 0.3813514942013677, "num": 20, "model": "RidgeCV(alphas=array([ 0.1,  1. , 10. ]))"}, "people.person.height_meters": {"mae": 0.16658338798940972, "mse": 0.05725309545778481, "rmse": 0.23927619074572548, "r2": 0.008647524029746445, "num": 305, "model": "RidgeCV(alphas=array([ 0.1,  1. , 10. ]))"}, "location.geocode.latitude": {"mae": 4.48850860700144, "mse": 41.422041869741896, "rmse": 6.435995794726866, "r2": 0.8435232189295125, "num": 317, "model": "RidgeCV(alphas=array([ 0.1,  1. , 10. ]))"}, "location.geocode.longitude": {"mae": 16.48663989630096, "mse": 651.2925187797797, "rmse": 25.520433357993348, "r2": 0.8608267670027668, "num": 292, "model": "RidgeCV(alphas=array([ 0.1,  1. , 10. ]))"}, "location.location.area": {"mae": 1195820.5452894373, "mse": 2858236933686.6978, "rmse": 1690632.110687212, "r2": -2.9288175267737993, "num": 204, "model": "RidgeCV(alphas=array([ 0.1,  1. , 10. ]))"}, "topic_server.population_number": {"mae": 17484605.039125487, "mse": 5817385320453907.0, "rmse": 76271785.87429239, "r2": 0.14856509808316976, "num": 199, "model": "RidgeCV(alphas=array([ 0.1,  1. , 10. ]))"}}