{"micro": {"mae": 22.381656385344304, "mse": 3296.5668388108165, "r2": 0.6190797797760023, "rmse": 57.41573685681319}, "macro": {"mae": 33.381510098495184, "mse": 7000.28981371945, "r2": 0.5675368933142766, "rmse": 83.66773460372552}}