{"people.person.date_of_birth": {"mae": 24.155450747623146, "mse": 1349.9043223889346, "rmse": 36.74104411130602, "r2": 0.6243424798584825, "num": 475}, "film.film.initial_release_date": {"mae": 5.474096627472129, "mse": 51.2868231300468, "rmse": 7.161481908798402, "r2": 0.807132859046978, "num": 184}, "organization.organization.date_founded": {"mae": 43.61041768086383, "mse": 3876.4483674163316, "rmse": 62.261130470112185, "r2": 0.6235242195396069, "num": 123}, "location.dated_location.date_founded": {"mae": 147.225056654091, "mse": 49507.64737034411, "rmse": 222.50314013591833, "r2": 0.16751387615382507, "num": 83}, "people.deceased_person.date_of_death": {"mae": 50.27487118535968, "mse": 7416.464155698645, "rmse": 86.11889546260242, "r2": 0.8072341204836214, "num": 115}, "people.person.weight_kg": {"mae": 8.130283881039324, "mse": 116.27348787927546, "rmse": 10.783018495730936, "r2": 0.38997465435471046, "num": 24}, "people.person.height_meters": {"mae": 0.18692750755228565, "mse": 0.07892822962189978, "rmse": 0.2809416836674469, "r2": 0.027332478068443966, "num": 257}, "location.geocode.latitude": {"mae": 5.285462219636271, "mse": 85.78489068463044, "rmse": 9.26201331701863, "r2": 0.7922927954243079, "num": 349}, "location.geocode.longitude": {"mae": 16.091024382818993, "mse": 598.7199777034505, "rmse": 24.468755131870736, "r2": 0.8684845568985129, "num": 302}, "location.location.area": {"mae": 1586168.1898417433, "mse": 31886020872462.492, "rmse": 5646770.835837283, "r2": 0.3794668001977758, "num": 221}, "topic_server.population_number": {"mae": 14806907.775777124, "mse": 453916571056856.3, "rmse": 21305317.9055572, "r2": -1.0562847422945678, "num": 199}}