{"micro": {"mae": 28.551722602280673, "mse": 5476.442598838194, "r2": 0.2901921992177948, "rmse": 74.00299047226534}, "macro": {"mae": 40.520121539793614, "mse": 10560.631939831983, "r2": 0.24348079816019663, "rmse": 102.76493536139641}}