{"wasBornOnDate": {"mae": 20.823541220501134, "mse": 1210.4543748311949, "rmse": 34.791584827817125, "r2": 0.28243803803337864, "num": 826, "model": "LassoCV(alphas=[0.1, 1.0, 10.0])"}, "wasCreatedOnDate": {"mae": 72.24802454049943, "mse": 15381.580904120534, "rmse": 124.0225016040256, "r2": 0.2227933939373571, "num": 693, "model": "LassoCV(alphas=[0.1, 1.0, 10.0])"}, "wasDestroyedOnDate": {"mae": 45.136476435912094, "mse": 6244.544306801015, "rmse": 79.02242913756204, "r2": 0.23014678810831235, "num": 55, "model": "LassoCV(alphas=[0.1, 1.0, 10.0])"}, "diedOnDate": {"mae": 45.67897448862834, "mse": 9877.51083418121, "rmse": 99.38566714663241, "r2": 0.11625796417842105, "num": 163, "model": "LassoCV(alphas=[0.1, 1.0, 10.0])"}, "happenedOnDate": {"mae": 105.95116591798723, "mse": 91364.74008889652, "rmse": 302.26600882152877, "r2": 0.013548650073755053, "num": 41, "model": "RidgeCV(alphas=array([ 0.1,  1. , 10. ]))"}, "hasLatitude": {"mae": 9.276634743268763, "mse": 195.46567383759137, "rmse": 13.980903899161577, "r2": 0.42429772882019823, "num": 279, "model": "RidgeCV(alphas=array([ 0.1,  1. , 10. ]))"}, "hasLongitude": {"mae": 25.071030429013536, "mse": 1255.309337166712, "rmse": 35.43034486378466, "r2": 0.7308232084001332, "num": 296, "model": "LassoCV(alphas=[0.1, 1.0, 10.0])"}}