{"wasBornOnDate": {"mae": 21.404939136827682, "mse": 1938.9103308025356, "rmse": 44.0330595212567, "r2": 0.21064543829068227, "num": 837}, "wasCreatedOnDate": {"mae": 75.22334208867734, "mse": 18872.902400348954, "rmse": 137.378682481486, "r2": 0.22656335534885286, "num": 651}, "wasDestroyedOnDate": {"mae": 46.74788460562126, "mse": 3613.6679260516908, "rmse": 60.113791479590525, "r2": -0.23054715597975672, "num": 58}, "diedOnDate": {"mae": 54.97595986170172, "mse": 27415.80562301203, "rmse": 165.57718931970078, "r2": 0.06726705736824712, "num": 169}, "happenedOnDate": {"mae": 58.352662488892925, "mse": 7200.67747600664, "rmse": 84.8568057141361, "r2": -0.24818351905961689, "num": 36}, "hasLatitude": {"mae": 8.331621231858477, "mse": 149.73302577677993, "rmse": 12.236544682907015, "r2": 0.28789214666812024, "num": 309}, "hasLongitude": {"mae": 26.081747688614886, "mse": 1552.041058991924, "rmse": 39.395952317362806, "r2": 0.6955697166324001, "num": 294}}