{"micro": {"mae": 38.75609384524407, "mse": 8289.627555205529, "r2": 0.2575704915692611, "rmse": 91.04739180891195}, "macro": {"mae": 41.588308157456325, "mse": 8677.676834427222, "r2": 0.14417243418127557, "rmse": 93.15404894274442}}