{"wasBornOnDate": {"mae": 22.0924216031923, "mse": 1621.7232432262053, "rmse": 40.27062506624655, "r2": 0.3397762549747302, "num": 837}, "wasCreatedOnDate": {"mae": 75.38110951070699, "mse": 18044.78603197627, "rmse": 134.33088264422395, "r2": 0.26050066566541663, "num": 651}, "wasDestroyedOnDate": {"mae": 38.26453546388697, "mse": 2769.2927332663226, "rmse": 52.624069904049826, "r2": 0.05698438076472678, "num": 58}, "diedOnDate": {"mae": 57.62328972750834, "mse": 24416.288909064668, "rmse": 156.25712434658672, "r2": 0.16931578391469237, "num": 169}, "happenedOnDate": {"mae": 50.13986818213054, "mse": 4852.323013269493, "rmse": 69.65861765258835, "r2": 0.15888614168627502, "num": 36}, "hasLatitude": {"mae": 7.725698831725974, "mse": 115.07103824281006, "rmse": 10.727116958568601, "r2": 0.4527393699642611, "num": 309}, "hasLongitude": {"mae": 23.55617085930441, "mse": 1272.3176143391854, "rmse": 35.669561454259366, "r2": 0.7504370070477095, "num": 294}}