{"wasBornOnDate": {"mae": 21.91448644209524, "mse": 1128.2060667481758, "rmse": 33.58877888146837, "r2": 0.33119514820923046, "num": 826, "model": "LassoCV(alphas=[0.1, 1.0, 10.0])"}, "wasCreatedOnDate": {"mae": 72.24245377362713, "mse": 14579.590726485094, "rmse": 120.74597602605684, "r2": 0.2633166709620639, "num": 693, "model": "LassoCV(alphas=[0.1, 1.0, 10.0])"}, "wasDestroyedOnDate": {"mae": 47.431158257523315, "mse": 7493.337435353526, "rmse": 86.56406549691117, "r2": 0.07619041374847957, "num": 55, "model": "LassoCV(alphas=[0.1, 1.0, 10.0])"}, "diedOnDate": {"mae": 47.679567113603056, "mse": 8733.66698032368, "rmse": 93.45409022789575, "r2": 0.2185978059705408, "num": 163, "model": "LassoCV(alphas=[0.1, 1.0, 10.0])"}, "happenedOnDate": {"mae": 111.16479877297274, "mse": 95846.98029950651, "rmse": 309.5916347376113, "r2": -0.03484542298055304, "num": 41, "model": "LassoCV(alphas=[0.1, 1.0, 10.0])"}, "hasLatitude": {"mae": 7.752554061743301, "mse": 133.82700904161797, "rmse": 11.56836241832084, "r2": 0.6058412122300608, "num": 279, "model": "LassoCV(alphas=[0.1, 1.0, 10.0])"}, "hasLongitude": {"mae": 21.64836029174235, "mse": 999.316780212694, "rmse": 31.61197210255466, "r2": 0.7857158576572918, "num": 296, "model": "RidgeCV(alphas=array([ 0.1,  1. , 10. ]))"}}