{"micro": {"mae": 38.504642574508104, "mse": 7636.283697310412, "r2": 0.361997861860519, "rmse": 87.38583236034553}, "macro": {"mae": 39.254727739779355, "mse": 7584.54322619785, "r2": 0.31266280057397317, "rmse": 87.08928307316492}}