{"people.person.date_of_birth": {"mae": 1915.6475435410525, "mse": 3710171.2508663763, "rmse": 1926.18048242276, "r2": -1031.4833458820847, "num": 475}, "film.film.initial_release_date": {"mae": 55.911685027173874, "mse": 66408.71718467059, "rmse": 257.6988885980508, "r2": -248.73392064640356, "num": 184}, "organization.organization.date_founded": {"mae": 913.5616531300814, "mse": 1620088.7262632942, "rmse": 1272.8270606265778, "r2": -156.3409755078396, "num": 123}, "location.dated_location.date_founded": {"mae": 1477.6997991084336, "mse": 2596025.895203529, "rmse": 1611.218760815405, "r2": -42.652963727717946, "num": 83}, "people.deceased_person.date_of_death": {"mae": 1601.177536040522, "mse": 3142474.4419302572, "rmse": 1772.702581351496, "r2": -80.67798521495895, "num": 115}, "people.person.weight_kg": {"mae": 75.49333333333334, "mse": 5889.847733333333, "rmse": 76.7453433983674, "r2": -29.90090840876202, "num": 24}, "people.person.height_meters": {"mae": 0.13023346303501945, "mse": 0.10099961089494164, "rmse": 0.31780435946497276, "r2": -0.24466292625390929, "num": 257}, "location.geocode.latitude": {"mae": 1411.92513486553, "mse": 2512121.8730188883, "rmse": 1584.9674674954335, "r2": -6081.490839982972, "num": 349}, "location.geocode.longitude": {"mae": 1262.6939303806953, "mse": 2331399.0043092067, "rmse": 1526.8919425778652, "r2": -511.1174915094606, "num": 302}, "location.location.area": {"mae": 576872.9906391343, "mse": 51715672454016.59, "rmse": 7191360.959791727, "r2": -0.0064376435107160734, "num": 221}, "topic_server.population_number": {"mae": 4427570.2512562815, "mse": 240349464532526.7, "rmse": 15503208.201289393, "r2": -0.08880567102054204, "num": 199}}