{"micro": {"mae": 1158.636854380596, "mse": 2160894.6584023214, "r2": -1488.1527305090406, "rmse": 1469.9981831289185}, "macro": {"mae": 968.2489832099842, "mse": 1776064.4286121298, "r2": -909.1825659784948, "rmse": 1332.6906725163683}}