{"wasBornOnDate": {"mae": 24.094127992973657, "mse": 1423.5990963603376, "rmse": 37.73061219169837, "r2": 0.4204350645281395, "num": 837}, "wasCreatedOnDate": {"mae": 146.52735091684045, "mse": 47546.74387645463, "rmse": 218.05215861452652, "r2": -0.948528809602311, "num": 651}, "wasDestroyedOnDate": {"mae": 43.582253464623754, "mse": 3487.1454679304247, "rmse": 59.052057270940395, "r2": -0.18746299490167972, "num": 58}, "diedOnDate": {"mae": 54.77932052975846, "mse": 17507.89675209571, "rmse": 132.3174091043794, "r2": 0.4043511877262491, "num": 169}, "happenedOnDate": {"mae": 54.44379875135108, "mse": 5801.038973822813, "rmse": 76.16455195051576, "r2": -0.00556666573042186, "num": 36}, "hasLatitude": {"mae": 2.5907330297731024, "mse": 32.69511645523248, "rmse": 5.717964362885841, "r2": 0.84450692108446, "num": 309}, "hasLongitude": {"mae": 9.468187363622139, "mse": 656.2084715513918, "rmse": 25.616566349754834, "r2": 0.8712857950598527, "num": 294}}