{"micro": {"mae": 56.451030923369956, "mse": 15173.08291425153, "r2": 0.13117444918300195, "rmse": 123.17906849076076}, "macro": {"mae": 47.92653886413466, "mse": 10922.189679238649, "r2": 0.19986007116632695, "rmse": 104.50928034982658}}