{"people.person.date_of_birth": {"mae": 30.760690246411546, "mse": 3594.4449653052675, "rmse": 59.953690172542906, "r2": -0.00027850830356634937, "num": 475}, "film.film.initial_release_date": {"mae": 11.866570117167516, "mse": 267.2337957190393, "rmse": 16.347287105787288, "r2": -0.004948542351018714, "num": 184}, "organization.organization.date_founded": {"mae": 66.87851841799674, "mse": 10297.555063656611, "rmse": 101.4768695992176, "r2": -8.55711146450222e-05, "num": 123}, "location.dated_location.date_founded": {"mae": 169.49542075428351, "mse": 60487.044586600874, "rmse": 245.94114049219354, "r2": -0.017108022001735446, "num": 83}, "people.deceased_person.date_of_death": {"mae": 60.48479851346627, "mse": 38518.316653267684, "rmse": 196.26083830776756, "r2": -0.0011532492140879924, "num": 115}, "people.person.weight_kg": {"mae": 11.380684990477485, "mse": 194.58392791248798, "rmse": 13.94933431789804, "r2": -0.020878706288390614, "num": 24}, "people.person.height_meters": {"mae": 0.1930897607769979, "mse": 0.0818235193733046, "rmse": 0.2860481067465831, "r2": -0.008347459531364843, "num": 257}, "location.geocode.latitude": {"mae": 12.605668413351705, "mse": 413.0289191676421, "rmse": 20.323112930051884, "r2": -4.886087242828019e-05, "num": 349}, "location.geocode.longitude": {"mae": 58.09674408850535, "mse": 4562.269992598502, "rmse": 67.54457781790113, "r2": -0.0021528961280099512, "num": 302}, "location.location.area": {"mae": 988287.9336646796, "mse": 51392909319438.7, "rmse": 7168884.8030526135, "r2": -0.0001563567525184606, "num": 221}, "topic_server.population_number": {"mae": 7707818.819422111, "mse": 222947719719978.62, "rmse": 14931433.947212793, "r2": -0.009974130977770335, "num": 199}}