{"micro": {"mae": 35.72806578710856, "mse": 7322.074497408136, "r2": -0.0030959995268125375, "rmse": 85.56912116767435}, "macro": {"mae": 46.86246503360413, "mse": 13148.284414194166, "r2": -0.00611131286724969, "rmse": 114.66596885821951}}