{"wasBornOnDate": {"mae": 20.597898685782557, "mse": 1525.8305573903465, "rmse": 39.06188112969403, "r2": 0.3788153625582993, "num": 837}, "wasCreatedOnDate": {"mae": 56.28968264208909, "mse": 20710.109173410016, "rmse": 143.91007321730476, "r2": 0.15127217798015957, "num": 651}, "wasDestroyedOnDate": {"mae": 28.276439655172414, "mse": 3406.7425849560345, "rmse": 58.36730750134046, "r2": -0.16008373897629902, "num": 58}, "diedOnDate": {"mae": 30.960275147928986, "mse": 4862.437653752248, "rmse": 69.73118135921868, "r2": 0.8345714934110517, "num": 169}, "happenedOnDate": {"mae": 34.73875833333333, "mse": 11753.886211448056, "rmse": 108.41534121815074, "r2": -1.0374481571930931, "num": 36}, "hasLatitude": {"mae": 4.050531548723481, "mse": 106.29212620163595, "rmse": 10.30980728246828, "r2": 0.49449056129829316, "num": 309}, "hasLongitude": {"mae": 98.91595733586546, "mse": 17851.595193322584, "rmse": 133.60986188647374, "r2": -2.5015608329310037, "num": 294}}