{"micro": {"mae": 39.22720713903993, "mse": 9126.209617367245, "r2": -0.030885753291109187, "rmse": 95.53119708957512}, "macro": {"mae": 39.11850619269933, "mse": 8602.413357211559, "r2": -0.26284901912179887, "rmse": 92.74919599226486}}