{"wasBornOnDate": {"mae": 15.490248028673836, "mse": 1239.208338035508, "rmse": 35.202391084065695, "r2": 0.4955028404373535, "num": 837}, "wasCreatedOnDate": {"mae": 46.53678801843318, "mse": 19473.832137158093, "rmse": 139.54867300393113, "r2": 0.20193645539200433, "num": 651}, "wasDestroyedOnDate": {"mae": 15.988632758620685, "mse": 784.8487504732757, "rmse": 28.015152158667203, "r2": 0.7327387525548354, "num": 58}, "diedOnDate": {"mae": 32.92644674556212, "mse": 13155.104316474142, "rmse": 114.69570312995226, "r2": 0.552440685914648, "num": 169}, "happenedOnDate": {"mae": 11.327563888888891, "mse": 393.65380033694436, "rmse": 19.84071068124689, "r2": 0.9317630615406686, "num": 36}, "hasLatitude": {"mae": 3.033528459187343, "mse": 91.04987853604804, "rmse": 9.542006001677427, "r2": 0.5669804092044982, "num": 309}, "hasLongitude": {"mae": 97.86511278983372, "mse": 17778.532753650852, "rmse": 133.3361644628, "r2": -2.4872297563889694, "num": 294}}