{"micro": {"mae": 33.92956353190314, "mse": 9028.296744303456, "r2": 0.06777939751712524, "rmse": 95.01734970153322}, "macro": {"mae": 31.88118866988568, "mse": 7559.461424952124, "r2": 0.14201892123643414, "rmse": 86.9451633212114}}