{"micro": {"mae": 12.793491435213594, "mse": 2813.706428836921, "r2": 0.62670320607763, "rmse": 53.044381689646656}, "macro": {"mae": 21.394357215742037, "mse": 6226.581843740953, "r2": 0.5717219926050401, "rmse": 78.90869308093345}}