{"people.person.date_of_birth": {"mae": 12.16152246205574, "mse": 1130.6186494936223, "rmse": 33.62467322508313, "r2": 0.6853662951883237, "num": 475, "model": "graph"}, "film.film.initial_release_date": {"mae": 4.962169507672809, "mse": 47.72275215348027, "rmse": 6.908165614219181, "r2": 0.8205357593915952, "num": 184, "model": "bert-desc"}, "organization.organization.date_founded": {"mae": 46.908185451200126, "mse": 4557.641007845091, "rmse": 67.51030297550953, "r2": 0.5573676487195447, "num": 123, "model": "bert-desc"}, "location.dated_location.date_founded": {"mae": 100.10742961445786, "mse": 49469.65670157698, "rmse": 222.41775266731068, "r2": 0.1681527007852539, "num": 83, "model": "mlm"}, "people.deceased_person.date_of_death": {"mae": 13.147343130305527, "mse": 290.62055349736323, "rmse": 17.04759670737677, "r2": 0.9924463025203984, "num": 115, "model": "graph"}, "people.person.weight_kg": {"mae": 9.071706341303873, "mse": 120.06227051534108, "rmse": 10.957293028633536, "r2": 0.3700969205798319, "num": 24, "model": "bert-desc"}, "people.person.height_meters": {"mae": 0.12634241245136185, "mse": 0.09710856031128405, "rmse": 0.31162246438805413, "r2": -0.196711787009473, "num": 257, "model": "mlm"}, "location.geocode.latitude": {"mae": 2.109586081963799, "mse": 72.16556770449388, "rmse": 8.495031942523458, "r2": 0.8252686666044349, "num": 349, "model": "graph"}, "location.geocode.longitude": {"mae": 3.954929940267252, "mse": 350.651982321896, "rmse": 18.725703787091582, "r2": 0.922975426665451, "num": 302, "model": "graph"}, "location.location.area": {"mae": 576860.3588876836, "mse": 51717629981480.81, "rmse": 7191497.06121617, "r2": -0.006475738912645745, "num": 221, "model": "mlm"}, "topic_server.population_number": {"mae": 4427415.085427135, "mse": 240342174444157.88, "rmse": 15502973.084029974, "r2": -0.0887726462348466, "num": 199, "model": "mlm"}}