{"micro": {"mae": 19.86976762615124, "mse": 2951.1301717568476, "r2": 0.35083067798359285, "rmse": 54.324305534050296}, "macro": {"mae": 29.487545026861696, "mse": 6238.291329761597, "r2": 0.3188058601686816, "rmse": 78.98285465695449}}