{"people.person.date_of_birth": {"mae": 14.22740939067742, "mse": 622.7950111897743, "rmse": 24.955861259226744, "r2": 0.8266857690728606, "num": 475}, "film.film.initial_release_date": {"mae": 6.177025662419627, "mse": 77.03598147770163, "rmse": 8.777014382903882, "r2": 0.7103016215209913, "num": 184}, "organization.organization.date_founded": {"mae": 45.064085313528224, "mse": 6385.141848434043, "rmse": 79.90708259243384, "r2": 0.37988307004287536, "num": 123}, "location.dated_location.date_founded": {"mae": 131.85724212228223, "mse": 43084.10019982845, "rmse": 207.56709806669372, "r2": 0.2755277723772376, "num": 83}, "people.deceased_person.date_of_death": {"mae": 24.854546157052766, "mse": 4283.808472453448, "rmse": 65.45080956301035, "r2": 0.8886569003050195, "num": 115}, "people.person.weight_kg": {"mae": 9.08366165936493, "mse": 135.6348209388082, "rmse": 11.646236342218382, "r2": 0.28839600467957505, "num": 24}, "people.person.height_meters": {"mae": 0.2271394817853957, "mse": 0.23584734937357613, "rmse": 0.48564117347438335, "r2": -1.906451316192598, "num": 257}, "location.geocode.latitude": {"mae": 5.0613227026261765, "mse": 114.4547940051091, "rmse": 10.698354733561095, "r2": 0.7228756122044324, "num": 349}, "location.geocode.longitude": {"mae": 28.83547275201849, "mse": 1441.4149921776643, "rmse": 37.96597150314561, "r2": 0.6833773075077404, "num": 302}, "location.location.area": {"mae": 1288870.5597396803, "mse": 40370816949843.695, "rmse": 6353803.345229036, "r2": 0.21434435733712476, "num": 221}, "topic_server.population_number": {"mae": 8220575.159153081, "mse": 214025157532716.94, "rmse": 14629598.679824302, "r2": 0.030445914593869583, "num": 199}}