{"people.person.date_of_birth": {"mae": 13.780350786846592, "mse": 806.6462720386878, "rmse": 28.401518833306923, "r2": 0.7755228032389792, "num": 475}, "film.film.initial_release_date": {"mae": 4.638847053050214, "mse": 38.13231217457156, "rmse": 6.175136611814476, "r2": 0.856601177881711, "num": 184}, "organization.organization.date_founded": {"mae": 40.56908960310873, "mse": 4524.460651143971, "rmse": 67.26411116742695, "r2": 0.5605900831494748, "num": 123}, "location.dated_location.date_founded": {"mae": 132.40417522700508, "mse": 45997.23533062222, "rmse": 214.46966062970824, "r2": 0.22654252056082158, "num": 83}, "people.deceased_person.date_of_death": {"mae": 17.678727013486675, "mse": 902.5039524611883, "rmse": 30.04170355457873, "r2": 0.9765424649117311, "num": 115}, "people.person.weight_kg": {"mae": 10.453562317507112, "mse": 168.43427721126912, "rmse": 12.978223191610981, "r2": 0.11631464705865291, "num": 24}, "people.person.height_meters": {"mae": 0.1740033605674942, "mse": 0.08072155513026551, "rmse": 0.28411539051988277, "r2": 0.005232533769747305, "num": 257}, "location.geocode.latitude": {"mae": 4.191135228102083, "mse": 104.70406499586805, "rmse": 10.232500427357335, "r2": 0.7464846259703896, "num": 349}, "location.geocode.longitude": {"mae": 11.583856815770378, "mse": 490.6810568960862, "rmse": 22.15132178665838, "r2": 0.8922164968225631, "num": 302}, "location.location.area": {"mae": 962302.1023785681, "mse": 43697279129020.89, "rmse": 6610391.753067355, "r2": 0.14960814492848962, "num": 221}, "topic_server.population_number": {"mae": 5472645.666618328, "mse": 160508278464906.4, "rmse": 12669186.180055387, "r2": 0.2728824082123815, "num": 199}}