{"micro": {"mae": 16.03998324547303, "mse": 2644.890710085148, "r2": 0.6590767627509652, "rmse": 51.42850095117636}, "macro": {"mae": 26.16374971171604, "mse": 5892.542071010999, "r2": 0.5728941503737857, "rmse": 76.76289514479635}}